{
  "type": "FeatureCollection",
  "features": [
    {
      "type": "Feature",
      "geometry": {
        "type": "Polygon",
        "coordinates": [
          [
            [
              49.2757233,
              53.5954044
            ],
            [
              49.2757434,
              53.5954524
            ],
            [
              49.2757143,
              53.5954567
            ],
            [
              49.2756942,
              53.5954087
            ],
            [
              49.2757233,
              53.5954044
            ]
          ]
        ]
      },
      "properties": {
        "id": "590f6b23-36f2-412d-abc9-d0453a67827c",
        "source_type": "ml",
        "height": "",
        "num_floors": "",
        "class": "",
        "name": ""
      }
    },
    {
      "type": "Feature",
      "geometry": {
        "type": "Polygon",
        "coordinates": [
          [
            [
              49.2757516,
              53.5951605
            ],
            [
              49.2757839,
              53.595154
            ],
            [
              49.2758122,
              53.595203
            ],
            [
              49.2757798,
              53.5952096
            ],
            [
              49.2757516,
              53.5951605
            ]
          ]
        ]
      },
      "properties": {
        "id": "a3a412ff-5bb2-43ea-8263-c177a8c1ccfa",
        "source_type": "ml",
        "height": "",
        "num_floors": "",
        "class": "",
        "name": ""
      }
    },
    {
      "type": "Feature",
      "geometry": {
        "type": "Polygon",
        "coordinates": [
          [
            [
              49.2757675,
              53.5949204
            ],
            [
              49.275757,
              53.5948525
            ],
            [
              49.2758566,
              53.5948471
            ],
            [
              49.2758671,
              53.594915
            ],
            [
              49.2757675,
              53.5949204
            ]
          ]
        ]
      },
      "properties": {
        "id": "a3b9a833-3e86-4a91-821b-214bb0ff962d",
        "source_type": "ml",
        "height": "",
        "num_floors": "",
        "class": "",
        "name": ""
      }
    },
    {
      "type": "Feature",
      "geometry": {
        "type": "Polygon",
        "coordinates": [
          [
            [
              49.2756222,
              53.5950688
            ],
            [
              49.2756293,
              53.5951168
            ],
            [
              49.2755908,
              53.5951188
            ],
            [
              49.2755837,
              53.5950708
            ],
            [
              49.2756222,
              53.5950688
            ]
          ]
        ]
      },
      "properties": {
        "id": "a0f6a0b9-641e-4097-84f8-e4b40dda2877",
        "source_type": "ml",
        "height": "",
        "num_floors": "",
        "class": "",
        "name": ""
      }
    },
    {
      "type": "Feature",
      "geometry": {
        "type": "Polygon",
        "coordinates": [
          [
            [
              49.2756126,
              53.5948682
            ],
            [
              49.2756183,
              53.5949295
            ],
            [
              49.2755702,
              53.5949311
            ],
            [
              49.2755645,
              53.5948698
            ],
            [
              49.2756126,
              53.5948682
            ]
          ]
        ]
      },
      "properties": {
        "id": "4bfa9c2f-715e-4c2d-b16c-79717d6e26b3",
        "source_type": "ml",
        "height": "",
        "num_floors": "",
        "class": "",
        "name": ""
      }
    },
    {
      "type": "Feature",
      "geometry": {
        "type": "Polygon",
        "coordinates": [
          [
            [
              49.2756226,
              53.5952429
            ],
            [
              49.2756721,
              53.5952416
            ],
            [
              49.2756751,
              53.5952829
            ],
            [
              49.2756256,
              53.5952842
            ],
            [
              49.2756226,
              53.5952429
            ]
          ]
        ]
      },
      "properties": {
        "id": "50461d00-ca21-45e8-ba17-a158eef75a4e",
        "source_type": "ml",
        "height": "",
        "num_floors": "",
        "class": "",
        "name": ""
      }
    },
    {
      "type": "Feature",
      "geometry": {
        "type": "Polygon",
        "coordinates": [
          [
            [
              49.2755735,
              53.5953133
            ],
            [
              49.2755674,
              53.5952835
            ],
            [
              49.2756309,
              53.5952789
            ],
            [
              49.2756369,
              53.5953088
            ],
            [
              49.2755735,
              53.5953133
            ]
          ]
        ]
      },
      "properties": {
        "id": "489bef9a-ac00-432e-bfb4-af622812e646",
        "source_type": "ml",
        "height": "",
        "num_floors": "",
        "class": "",
        "name": ""
      }
    },
    {
      "type": "Feature",
      "geometry": {
        "type": "Polygon",
        "coordinates": [
          [
            [
              49.275379,
              53.5954962
            ],
            [
              49.275374,
              53.5954349
            ],
            [
              49.2754677,
              53.5954322
            ],
            [
              49.2754727,
              53.5954935
            ],
            [
              49.275379,
              53.5954962
            ]
          ]
        ]
      },
      "properties": {
        "id": "9d001b9f-4507-4f74-8100-8e1b30be5a97",
        "source_type": "ml",
        "height": "",
        "num_floors": "",
        "class": "",
        "name": ""
      }
    },
    {
      "type": "Feature",
      "geometry": {
        "type": "Polygon",
        "coordinates": [
          [
            [
              49.2754417,
              53.5949652
            ],
            [
              49.2754222,
              53.5948939
            ],
            [
              49.2755528,
              53.5948813
            ],
            [
              49.2755724,
              53.5949526
            ],
            [
              49.2754417,
              53.5949652
            ]
          ]
        ]
      },
      "properties": {
        "id": "777e223d-9d54-41e2-81fe-2c8094a7a8c3",
        "source_type": "ml",
        "height": "",
        "num_floors": "",
        "class": "",
        "name": ""
      }
    },
    {
      "type": "Feature",
      "geometry": {
        "type": "Polygon",
        "coordinates": [
          [
            [
              49.2754467,
              53.595017
            ],
            [
              49.2754433,
              53.5949661
            ],
            [
              49.2755103,
              53.5949645
            ],
            [
              49.2755136,
              53.5950154
            ],
            [
              49.2754467,
              53.595017
            ]
          ]
        ]
      },
      "properties": {
        "id": "b49edce9-e20d-4984-800f-f75136deba1b",
        "source_type": "ml",
        "height": "",
        "num_floors": "",
        "class": "",
        "name": ""
      }
    },
    {
      "type": "Feature",
      "geometry": {
        "type": "Polygon",
        "coordinates": [
          [
            [
              49.2753888,
              53.5948971
            ],
            [
              49.2754209,
              53.5948965
            ],
            [
              49.2754237,
              53.5949442
            ],
            [
              49.2753916,
              53.5949448
            ],
            [
              49.2753888,
              53.5948971
            ]
          ]
        ]
      },
      "properties": {
        "id": "469199df-8e94-4a36-ade6-04d5cec24367",
        "source_type": "ml",
        "height": "",
        "num_floors": "",
        "class": "",
        "name": ""
      }
    },
    {
      "type": "Feature",
      "geometry": {
        "type": "Polygon",
        "coordinates": [
          [
            [
              49.2752375,
              53.5951162
            ],
            [
              49.275232,
              53.5950847
            ],
            [
              49.2753768,
              53.5950759
            ],
            [
              49.2753822,
              53.5951074
            ],
            [
              49.2752375,
              53.5951162
            ]
          ]
        ]
      },
      "properties": {
        "id": "02709a52-771d-4b53-a6b6-75152bad2f4c",
        "source_type": "ml",
        "height": "",
        "num_floors": "",
        "class": "",
        "name": ""
      }
    },
    {
      "type": "Feature",
      "geometry": {
        "type": "Polygon",
        "coordinates": [
          [
            [
              49.2753509,
              53.5951111
            ],
            [
              49.2753563,
              53.5951361
            ],
            [
              49.2752495,
              53.5951443
            ],
            [
              49.2752441,
              53.5951192
            ],
            [
              49.2753509,
              53.5951111
            ]
          ]
        ]
      },
      "properties": {
        "id": "c18b48b0-92ce-4334-8345-57b564748e34",
        "source_type": "ml",
        "height": "",
        "num_floors": "",
        "class": "",
        "name": ""
      }
    },
    {
      "type": "Feature",
      "geometry": {
        "type": "Polygon",
        "coordinates": [
          [
            [
              49.2753114,
              53.5953154
            ],
            [
              49.2753013,
              53.5952629
            ],
            [
              49.2753992,
              53.5952562
            ],
            [
              49.2754094,
              53.5953087
            ],
            [
              49.2753114,
              53.5953154
            ]
          ]
        ]
      },
      "properties": {
        "id": "a7d391a2-2199-4af0-85e1-9e97bc74f04f",
        "source_type": "ml",
        "height": "",
        "num_floors": "",
        "class": "",
        "name": ""
      }
    },
    {
      "type": "Feature",
      "geometry": {
        "type": "Polygon",
        "coordinates": [
          [
            [
              49.2748549,
              53.5949459
            ],
            [
              49.2749941,
              53.5949371
            ],
            [
              49.2750051,
              53.5949985
            ],
            [
              49.274866,
              53.5950073
            ],
            [
              49.2748549,
              53.5949459
            ]
          ]
        ]
      },
      "properties": {
        "id": "0f78d14e-12ed-4b70-95c4-8af6e5313da0",
        "source_type": "ml",
        "height": "",
        "num_floors": "",
        "class": "",
        "name": ""
      }
    },
    {
      "type": "Feature",
      "geometry": {
        "type": "Polygon",
        "coordinates": [
          [
            [
              49.2749581,
              53.5954784
            ],
            [
              49.274935,
              53.5954128
            ],
            [
              49.2749902,
              53.595406
            ],
            [
              49.2750133,
              53.5954715
            ],
            [
              49.2749581,
              53.5954784
            ]
          ]
        ]
      },
      "properties": {
        "id": "372a1792-6c00-4042-8bb5-9a14c91c06ed",
        "source_type": "ml",
        "height": "",
        "num_floors": "",
        "class": "",
        "name": ""
      }
    },
    {
      "type": "Feature",
      "geometry": {
        "type": "Polygon",
        "coordinates": [
          [
            [
              49.2751542,
              53.5948587
            ],
            [
              49.2751517,
              53.5948285
            ],
            [
              49.2752228,
              53.5948264
            ],
            [
              49.2752253,
              53.5948566
            ],
            [
              49.2751542,
              53.5948587
            ]
          ]
        ]
      },
      "properties": {
        "id": "ea25ebb8-60b5-45ea-828e-d704dfe87cd2",
        "source_type": "ml",
        "height": "",
        "num_floors": "",
        "class": "",
        "name": ""
      }
    },
    {
      "type": "Feature",
      "geometry": {
        "type": "Polygon",
        "coordinates": [
          [
            [
              49.2752736,
              53.5944938
            ],
            [
              49.2752848,
              53.5945324
            ],
            [
              49.275191,
              53.594542
            ],
            [
              49.2751798,
              53.5945034
            ],
            [
              49.2752736,
              53.5944938
            ]
          ]
        ]
      },
      "properties": {
        "id": "ff8908ea-8656-48bf-9d6b-da4be1af49bd",
        "source_type": "ml",
        "height": "",
        "num_floors": "",
        "class": "",
        "name": ""
      }
    },
    {
      "type": "Feature",
      "geometry": {
        "type": "Polygon",
        "coordinates": [
          [
            [
              49.2750804,
              53.5944367
            ],
            [
              49.275066,
              53.5943574
            ],
            [
              49.2752054,
              53.5943484
            ],
            [
              49.2752191,
              53.594424
            ],
            [
              49.2753304,
              53.5944168
            ],
            [
              49.2753344,
              53.5944389
            ],
            [
              49.2751977,
              53.5944476
            ],
            [
              49.2751944,
              53.5944294
            ],
            [
              49.2750804,
              53.5944367
            ]
          ]
        ]
      },
      "properties": {
        "id": "6d7d5b81-8ef4-4ae0-a313-59fd0971dbcf",
        "source_type": "ml",
        "height": "",
        "num_floors": "",
        "class": "",
        "name": ""
      }
    },
    {
      "type": "Feature",
      "geometry": {
        "type": "Polygon",
        "coordinates": [
          [
            [
              49.2751605,
              53.5941063
            ],
            [
              49.2752227,
              53.594096
            ],
            [
              49.2752418,
              53.5941368
            ],
            [
              49.2751795,
              53.5941471
            ],
            [
              49.2751605,
              53.5941063
            ]
          ]
        ]
      },
      "properties": {
        "id": "72ac983d-a6fd-4e12-bf00-a9569ca32bfb",
        "source_type": "ml",
        "height": "",
        "num_floors": "",
        "class": "",
        "name": ""
      }
    },
    {
      "type": "Feature",
      "geometry": {
        "type": "Polygon",
        "coordinates": [
          [
            [
              49.2750704,
              53.5941877
            ],
            [
              49.2750807,
              53.5942281
            ],
            [
              49.2750114,
              53.5942343
            ],
            [
              49.2750011,
              53.5941939
            ],
            [
              49.2750704,
              53.5941877
            ]
          ]
        ]
      },
      "properties": {
        "id": "228442c6-0fce-4ffa-8e16-75164eac631d",
        "source_type": "ml",
        "height": "",
        "num_floors": "",
        "class": "",
        "name": ""
      }
    },
    {
      "type": "Feature",
      "geometry": {
        "type": "Polygon",
        "coordinates": [
          [
            [
              49.2748688,
              53.5937315
            ],
            [
              49.2749963,
              53.5937243
            ],
            [
              49.2750091,
              53.5938042
            ],
            [
              49.2748815,
              53.5938114
            ],
            [
              49.2748688,
              53.5937315
            ]
          ]
        ]
      },
      "properties": {
        "id": "7ee7073f-6bcc-4ee4-8a84-a47effc1b809",
        "source_type": "ml",
        "height": "",
        "num_floors": "",
        "class": "",
        "name": ""
      }
    },
    {
      "type": "Feature",
      "geometry": {
        "type": "Polygon",
        "coordinates": [
          [
            [
              49.2749411,
              53.5934609
            ],
            [
              49.2750001,
              53.59346
            ],
            [
              49.2750026,
              53.5935221
            ],
            [
              49.2749436,
              53.5935229
            ],
            [
              49.2749411,
              53.5934609
            ]
          ]
        ]
      },
      "properties": {
        "id": "7fcda61b-4026-41e5-bab2-4bd83e86d491",
        "source_type": "ml",
        "height": "",
        "num_floors": "",
        "class": "",
        "name": ""
      }
    },
    {
      "type": "Feature",
      "geometry": {
        "type": "Polygon",
        "coordinates": [
          [
            [
              49.2750078,
              53.5935294
            ],
            [
              49.2750086,
              53.5934546
            ],
            [
              49.2750419,
              53.5934547
            ],
            [
              49.2750411,
              53.5935295
            ],
            [
              49.2750078,
              53.5935294
            ]
          ]
        ]
      },
      "properties": {
        "id": "60fe8f69-a73c-4f95-a85c-a34a76dcd340",
        "source_type": "ml",
        "height": "",
        "num_floors": "",
        "class": "",
        "name": ""
      }
    },
    {
      "type": "Feature",
      "geometry": {
        "type": "Polygon",
        "coordinates": [
          [
            [
              49.2751581,
              53.5937794
            ],
            [
              49.275149,
              53.59373
            ],
            [
              49.2752153,
              53.5937257
            ],
            [
              49.2752243,
              53.5937751
            ],
            [
              49.2751581,
              53.5937794
            ]
          ]
        ]
      },
      "properties": {
        "id": "9e3d72d2-dc2a-4558-b903-cab9674e309e",
        "source_type": "ml",
        "height": "",
        "num_floors": "",
        "class": "",
        "name": ""
      }
    },
    {
      "type": "Feature",
      "geometry": {
        "type": "Polygon",
        "coordinates": [
          [
            [
              49.2750856,
              53.5936361
            ],
            [
              49.275116,
              53.5936318
            ],
            [
              49.2751447,
              53.5937025
            ],
            [
              49.2751143,
              53.5937069
            ],
            [
              49.2750856,
              53.5936361
            ]
          ]
        ]
      },
      "properties": {
        "id": "398beabf-9102-4157-a2eb-1c8ecb771976",
        "source_type": "ml",
        "height": "",
        "num_floors": "",
        "class": "",
        "name": ""
      }
    },
    {
      "type": "Feature",
      "geometry": {
        "type": "Polygon",
        "coordinates": [
          [
            [
              49.2751936,
              53.5933524
            ],
            [
              49.2752053,
              53.5933893
            ],
            [
              49.2751208,
              53.5933987
            ],
            [
              49.2751091,
              53.5933618
            ],
            [
              49.2751936,
              53.5933524
            ]
          ]
        ]
      },
      "properties": {
        "id": "9f54f913-97e9-4f82-9679-cb15e917eac3",
        "source_type": "ml",
        "height": "",
        "num_floors": "",
        "class": "",
        "name": ""
      }
    },
    {
      "type": "Feature",
      "geometry": {
        "type": "Polygon",
        "coordinates": [
          [
            [
              49.2751876,
              53.5936245
            ],
            [
              49.2751844,
              53.5935545
            ],
            [
              49.2752316,
              53.5935537
            ],
            [
              49.2752322,
              53.5935665
            ],
            [
              49.2752884,
              53.5935656
            ],
            [
              49.2752893,
              53.5935847
            ],
            [
              49.275351,
              53.5935837
            ],
            [
              49.2753527,
              53.5936219
            ],
            [
              49.2751876,
              53.5936245
            ]
          ]
        ]
      },
      "properties": {
        "id": "28b46d9e-f3f0-413c-99ed-2ef04a71712d",
        "source_type": "ml",
        "height": "",
        "num_floors": "",
        "class": "",
        "name": ""
      }
    },
    {
      "type": "Feature",
      "geometry": {
        "type": "Polygon",
        "coordinates": [
          [
            [
              49.2753865,
              53.5939883
            ],
            [
              49.2754695,
              53.5939861
            ],
            [
              49.2754715,
              53.5940125
            ],
            [
              49.2753885,
              53.5940147
            ],
            [
              49.2753865,
              53.5939883
            ]
          ]
        ]
      },
      "properties": {
        "id": "3f5180de-12f4-4473-a63c-c8d8097283e0",
        "source_type": "ml",
        "height": "",
        "num_floors": "",
        "class": "",
        "name": ""
      }
    },
    {
      "type": "Feature",
      "geometry": {
        "type": "Polygon",
        "coordinates": [
          [
            [
              49.27545,
              53.5939037
            ],
            [
              49.2754744,
              53.5939537
            ],
            [
              49.2754264,
              53.5939619
            ],
            [
              49.275402,
              53.593912
            ],
            [
              49.27545,
              53.5939037
            ]
          ]
        ]
      },
      "properties": {
        "id": "0d4b1f36-90b8-4c67-a81d-987165a8a958",
        "source_type": "ml",
        "height": "",
        "num_floors": "",
        "class": "",
        "name": ""
      }
    },
    {
      "type": "Feature",
      "geometry": {
        "type": "Polygon",
        "coordinates": [
          [
            [
              49.2753201,
              53.5939788
            ],
            [
              49.2753258,
              53.5940615
            ],
            [
              49.2752631,
              53.594063
            ],
            [
              49.2752574,
              53.5939804
            ],
            [
              49.2753201,
              53.5939788
            ]
          ]
        ]
      },
      "properties": {
        "id": "3225027c-ae2a-4975-ae9d-faf92e5d52c8",
        "source_type": "ml",
        "height": "",
        "num_floors": "",
        "class": "",
        "name": ""
      }
    },
    {
      "type": "Feature",
      "geometry": {
        "type": "Polygon",
        "coordinates": [
          [
            [
              49.2753004,
              53.5942405
            ],
            [
              49.2752899,
              53.5941534
            ],
            [
              49.2753447,
              53.5941511
            ],
            [
              49.2753552,
              53.5942382
            ],
            [
              49.2753004,
              53.5942405
            ]
          ]
        ]
      },
      "properties": {
        "id": "0d10ae69-1c1d-40e3-9812-ff47f15a1d8f",
        "source_type": "ml",
        "height": "",
        "num_floors": "",
        "class": "",
        "name": ""
      }
    },
    {
      "type": "Feature",
      "geometry": {
        "type": "Polygon",
        "coordinates": [
          [
            [
              49.2753715,
              53.5943586
            ],
            [
              49.2753749,
              53.5943903
            ],
            [
              49.2753229,
              53.5943923
            ],
            [
              49.2753196,
              53.5943606
            ],
            [
              49.2753715,
              53.5943586
            ]
          ]
        ]
      },
      "properties": {
        "id": "7746ea62-4438-4306-9ae3-7077745cd257",
        "source_type": "ml",
        "height": "",
        "num_floors": "",
        "class": "",
        "name": ""
      }
    },
    {
      "type": "Feature",
      "geometry": {
        "type": "Polygon",
        "coordinates": [
          [
            [
              49.275204,
              53.5946446
            ],
            [
              49.275293,
              53.5946342
            ],
            [
              49.2753138,
              53.594697
            ],
            [
              49.2752248,
              53.5947074
            ],
            [
              49.275204,
              53.5946446
            ]
          ]
        ]
      },
      "properties": {
        "id": "d71a4ac7-4ec2-43c0-900d-f193cd7e662c",
        "source_type": "ml",
        "height": "",
        "num_floors": "",
        "class": "",
        "name": ""
      }
    },
    {
      "type": "Feature",
      "geometry": {
        "type": "Polygon",
        "coordinates": [
          [
            [
              49.2751942,
              53.5948194
            ],
            [
              49.2751585,
              53.5947356
            ],
            [
              49.2753426,
              53.594708
            ],
            [
              49.2753782,
              53.5947918
            ],
            [
              49.2751942,
              53.5948194
            ]
          ]
        ]
      },
      "properties": {
        "id": "b3456ced-f011-4093-8576-c719d77ec27f",
        "source_type": "ml",
        "height": "",
        "num_floors": "",
        "class": "",
        "name": ""
      }
    },
    {
      "type": "Feature",
      "geometry": {
        "type": "Polygon",
        "coordinates": [
          [
            [
              49.2753574,
              53.5944986
            ],
            [
              49.2753527,
              53.5944558
            ],
            [
              49.2753863,
              53.5944545
            ],
            [
              49.2753909,
              53.5944973
            ],
            [
              49.2753574,
              53.5944986
            ]
          ]
        ]
      },
      "properties": {
        "id": "4c2bdd62-679b-4be6-b71c-7536ec11bb3e",
        "source_type": "ml",
        "height": "",
        "num_floors": "",
        "class": "",
        "name": ""
      }
    },
    {
      "type": "Feature",
      "geometry": {
        "type": "Polygon",
        "coordinates": [
          [
            [
              49.2753902,
              53.5947048
            ],
            [
              49.2754583,
              53.5946984
            ],
            [
              49.275469,
              53.5947388
            ],
            [
              49.275401,
              53.5947452
            ],
            [
              49.2753902,
              53.5947048
            ]
          ]
        ]
      },
      "properties": {
        "id": "96507e0f-974e-4d4a-a2a2-aef6d4b21923",
        "source_type": "ml",
        "height": "",
        "num_floors": "",
        "class": "",
        "name": ""
      }
    },
    {
      "type": "Feature",
      "geometry": {
        "type": "Polygon",
        "coordinates": [
          [
            [
              49.2754832,
              53.5946155
            ],
            [
              49.2754882,
              53.5946886
            ],
            [
              49.2754466,
              53.5946896
            ],
            [
              49.2754448,
              53.5946635
            ],
            [
              49.2754142,
              53.5946643
            ],
            [
              49.2754109,
              53.5946172
            ],
            [
              49.2754832,
              53.5946155
            ]
          ]
        ]
      },
      "properties": {
        "id": "9320f9fd-085c-4653-8a30-98008eb74f02",
        "source_type": "ml",
        "height": "",
        "num_floors": "",
        "class": "",
        "name": ""
      }
    },
    {
      "type": "Feature",
      "geometry": {
        "type": "Polygon",
        "coordinates": [
          [
            [
              49.2754778,
              53.5943036
            ],
            [
              49.2754755,
              53.5942606
            ],
            [
              49.2755371,
              53.5942594
            ],
            [
              49.2755395,
              53.5943024
            ],
            [
              49.2754778,
              53.5943036
            ]
          ]
        ]
      },
      "properties": {
        "id": "be677b00-87f8-420b-ba57-adac5120d4f1",
        "source_type": "ml",
        "height": "",
        "num_floors": "",
        "class": "",
        "name": ""
      }
    },
    {
      "type": "Feature",
      "geometry": {
        "type": "Polygon",
        "coordinates": [
          [
            [
              49.2754693,
              53.5944007
            ],
            [
              49.2755156,
              53.594395
            ],
            [
              49.2755241,
              53.5944195
            ],
            [
              49.2754277,
              53.5944312
            ],
            [
              49.2753978,
              53.5943447
            ],
            [
              49.2754479,
              53.5943386
            ],
            [
              49.2754693,
              53.5944007
            ]
          ]
        ]
      },
      "properties": {
        "id": "f5b984a9-8138-48e3-951b-69ea12e8934e",
        "source_type": "ml",
        "height": "",
        "num_floors": "",
        "class": "",
        "name": ""
      }
    },
    {
      "type": "Feature",
      "geometry": {
        "type": "Polygon",
        "coordinates": [
          [
            [
              49.2754045,
              53.5941623
            ],
            [
              49.275426,
              53.594215
            ],
            [
              49.2753764,
              53.5942221
            ],
            [
              49.2753549,
              53.5941694
            ],
            [
              49.2754045,
              53.5941623
            ]
          ]
        ]
      },
      "properties": {
        "id": "dd440230-41a3-4ce0-b907-4d757444f9c1",
        "source_type": "ml",
        "height": "",
        "num_floors": "",
        "class": "",
        "name": ""
      }
    },
    {
      "type": "Feature",
      "geometry": {
        "type": "Polygon",
        "coordinates": [
          [
            [
              49.2756514,
              53.5946585
            ],
            [
              49.2756581,
              53.5946947
            ],
            [
              49.2756157,
              53.5946974
            ],
            [
              49.2756038,
              53.5946329
            ],
            [
              49.2756834,
              53.5946278
            ],
            [
              49.2756886,
              53.5946561
            ],
            [
              49.2756514,
              53.5946585
            ]
          ]
        ]
      },
      "properties": {
        "id": "8b04c9cd-1455-428f-bb4d-a505612e01e4",
        "source_type": "ml",
        "height": "",
        "num_floors": "",
        "class": "",
        "name": ""
      }
    },
    {
      "type": "Feature",
      "geometry": {
        "type": "Polygon",
        "coordinates": [
          [
            [
              49.2757442,
              53.594762
            ],
            [
              49.2758298,
              53.5947595
            ],
            [
              49.275835,
              53.5948207
            ],
            [
              49.2757493,
              53.5948233
            ],
            [
              49.2757442,
              53.594762
            ]
          ]
        ]
      },
      "properties": {
        "id": "f3da4ee0-cb10-451d-9f37-ccb039d9d6a5",
        "source_type": "ml",
        "height": "",
        "num_floors": "",
        "class": "",
        "name": ""
      }
    },
    {
      "type": "Feature",
      "geometry": {
        "type": "Polygon",
        "coordinates": [
          [
            [
              49.2757423,
              53.5937357
            ],
            [
              49.2758243,
              53.5937352
            ],
            [
              49.2758257,
              53.5938109
            ],
            [
              49.2757436,
              53.5938114
            ],
            [
              49.2757423,
              53.5937357
            ]
          ]
        ]
      },
      "properties": {
        "id": "8a3f99fe-4736-49bd-a40c-88d746f47c1e",
        "source_type": "ml",
        "height": "",
        "num_floors": "",
        "class": "",
        "name": ""
      }
    },
    {
      "type": "Feature",
      "geometry": {
        "type": "Polygon",
        "coordinates": [
          [
            [
              49.2755633,
              53.5939309
            ],
            [
              49.275543,
              53.5938923
            ],
            [
              49.2755821,
              53.5938851
            ],
            [
              49.2756024,
              53.5939237
            ],
            [
              49.2755633,
              53.5939309
            ]
          ]
        ]
      },
      "properties": {
        "id": "12d8275d-f682-48f1-a17d-97eeb98083cf",
        "source_type": "ml",
        "height": "",
        "num_floors": "",
        "class": "",
        "name": ""
      }
    },
    {
      "type": "Feature",
      "geometry": {
        "type": "Polygon",
        "coordinates": [
          [
            [
              49.2757093,
              53.5935854
            ],
            [
              49.2757236,
              53.593656
            ],
            [
              49.2756654,
              53.5936601
            ],
            [
              49.2756511,
              53.5935895
            ],
            [
              49.2757093,
              53.5935854
            ]
          ]
        ]
      },
      "properties": {
        "id": "96fa62f3-b21f-41b3-8c77-4963fa93d4b6",
        "source_type": "ml",
        "height": "",
        "num_floors": "",
        "class": "",
        "name": ""
      }
    },
    {
      "type": "Feature",
      "geometry": {
        "type": "Polygon",
        "coordinates": [
          [
            [
              49.275576,
              53.5928995
            ],
            [
              49.2757798,
              53.5928974
            ],
            [
              49.2757805,
              53.5929213
            ],
            [
              49.2755767,
              53.5929233
            ],
            [
              49.275576,
              53.5928995
            ]
          ]
        ]
      },
      "properties": {
        "id": "81b89d01-00a2-4bb1-9809-fe0da04a90ca",
        "source_type": "ml",
        "height": "",
        "num_floors": "",
        "class": "",
        "name": ""
      }
    },
    {
      "type": "Feature",
      "geometry": {
        "type": "Polygon",
        "coordinates": [
          [
            [
              49.2756061,
              53.5933806
            ],
            [
              49.2755978,
              53.5933246
            ],
            [
              49.2756952,
              53.5933195
            ],
            [
              49.2757035,
              53.5933754
            ],
            [
              49.2756061,
              53.5933806
            ]
          ]
        ]
      },
      "properties": {
        "id": "f42c3789-c96e-48dc-9d7b-b6a8d5a4a6c7",
        "source_type": "ml",
        "height": "",
        "num_floors": "",
        "class": "",
        "name": ""
      }
    },
    {
      "type": "Feature",
      "geometry": {
        "type": "Polygon",
        "coordinates": [
          [
            [
              49.2752994,
              53.5927606
            ],
            [
              49.2753059,
              53.5928863
            ],
            [
              49.2752674,
              53.592887
            ],
            [
              49.2752609,
              53.5927613
            ],
            [
              49.2752994,
              53.5927606
            ]
          ]
        ]
      },
      "properties": {
        "id": "5f133051-6033-4b59-8570-e4c2ec51b271",
        "source_type": "ml",
        "height": "",
        "num_floors": "",
        "class": "",
        "name": ""
      }
    },
    {
      "type": "Feature",
      "geometry": {
        "type": "Polygon",
        "coordinates": [
          [
            [
              49.2755362,
              53.5927977
            ],
            [
              49.2755346,
              53.5928693
            ],
            [
              49.2754873,
              53.5928689
            ],
            [
              49.2754889,
              53.5927973
            ],
            [
              49.2755362,
              53.5927977
            ]
          ]
        ]
      },
      "properties": {
        "id": "27072c17-7c56-4f96-89b4-0d7b9ee42a9c",
        "source_type": "ml",
        "height": "",
        "num_floors": "",
        "class": "",
        "name": ""
      }
    },
    {
      "type": "Feature",
      "geometry": {
        "type": "Polygon",
        "coordinates": [
          [
            [
              49.2752134,
              53.5928746
            ],
            [
              49.2752078,
              53.5927499
            ],
            [
              49.2752497,
              53.5927492
            ],
            [
              49.2752553,
              53.5928739
            ],
            [
              49.2752134,
              53.5928746
            ]
          ]
        ]
      },
      "properties": {
        "id": "ea1c11d1-6d2c-4a5d-8a95-65e42a7af769",
        "source_type": "ml",
        "height": "",
        "num_floors": "",
        "class": "",
        "name": ""
      }
    },
    {
      "type": "Feature",
      "geometry": {
        "type": "Polygon",
        "coordinates": [
          [
            [
              49.2752096,
              53.5933819
            ],
            [
              49.2752085,
              53.5933479
            ],
            [
              49.2752487,
              53.5933474
            ],
            [
              49.2752498,
              53.5933815
            ],
            [
              49.2752096,
              53.5933819
            ]
          ]
        ]
      },
      "properties": {
        "id": "44a16a53-75d8-449b-b83b-321f39efd972",
        "source_type": "ml",
        "height": "",
        "num_floors": "",
        "class": "",
        "name": ""
      }
    },
    {
      "type": "Feature",
      "geometry": {
        "type": "Polygon",
        "coordinates": [
          [
            [
              49.275,
              53.5932095
            ],
            [
              49.2749978,
              53.5931746
            ],
            [
              49.2750594,
              53.5931732
            ],
            [
              49.2750616,
              53.5932082
            ],
            [
              49.275,
              53.5932095
            ]
          ]
        ]
      },
      "properties": {
        "id": "d0c53de4-b140-49ef-afc7-36c3b25fddb9",
        "source_type": "ml",
        "height": "",
        "num_floors": "",
        "class": "",
        "name": ""
      }
    },
    {
      "type": "Feature",
      "geometry": {
        "type": "Polygon",
        "coordinates": [
          [
            [
              49.2750305,
              53.5933321
            ],
            [
              49.2750372,
              53.5933585
            ],
            [
              49.2748354,
              53.5933767
            ],
            [
              49.2748286,
              53.5933503
            ],
            [
              49.2750305,
              53.5933321
            ]
          ]
        ]
      },
      "properties": {
        "id": "baf55f1d-3677-4374-858f-bbe492a11087",
        "source_type": "ml",
        "height": "",
        "num_floors": "",
        "class": "",
        "name": ""
      }
    },
    {
      "type": "Feature",
      "geometry": {
        "type": "Polygon",
        "coordinates": [
          [
            [
              49.2759115,
              53.5930804
            ],
            [
              49.2759137,
              53.5931099
            ],
            [
              49.2757852,
              53.5931132
            ],
            [
              49.275783,
              53.5930837
            ],
            [
              49.2759115,
              53.5930804
            ]
          ]
        ]
      },
      "properties": {
        "id": "9000758f-c146-46fa-96ec-1ef900ad3296",
        "source_type": "ml",
        "height": "",
        "num_floors": "",
        "class": "",
        "name": ""
      }
    },
    {
      "type": "Feature",
      "geometry": {
        "type": "Polygon",
        "coordinates": [
          [
            [
              49.275832,
              53.5933774
            ],
            [
              49.2758136,
              53.5933216
            ],
            [
              49.2759092,
              53.5933105
            ],
            [
              49.2759276,
              53.5933663
            ],
            [
              49.275832,
              53.5933774
            ]
          ]
        ]
      },
      "properties": {
        "id": "06e4228d-4e7c-47ee-90a7-94c4ea24e306",
        "source_type": "ml",
        "height": "",
        "num_floors": "",
        "class": "",
        "name": ""
      }
    },
    {
      "type": "Feature",
      "geometry": {
        "type": "Polygon",
        "coordinates": [
          [
            [
              49.2758609,
              53.593173
            ],
            [
              49.2759071,
              53.5931673
            ],
            [
              49.2759253,
              53.5932192
            ],
            [
              49.2758791,
              53.5932249
            ],
            [
              49.2758609,
              53.593173
            ]
          ]
        ]
      },
      "properties": {
        "id": "9c38ce55-57ca-4105-b45b-b71abd7f69e6",
        "source_type": "ml",
        "height": "",
        "num_floors": "",
        "class": "",
        "name": ""
      }
    },
    {
      "type": "Feature",
      "geometry": {
        "type": "Polygon",
        "coordinates": [
          [
            [
              49.2765609,
              53.5933453
            ],
            [
              49.2764171,
              53.5933583
            ],
            [
              49.2763945,
              53.5932701
            ],
            [
              49.276349,
              53.5932743
            ],
            [
              49.2763273,
              53.5931899
            ],
            [
              49.2765166,
              53.5931728
            ],
            [
              49.2765609,
              53.5933453
            ]
          ]
        ]
      },
      "properties": {
        "id": "3fd7b882-23dc-4e31-8cb6-3438af240f1e",
        "source_type": "my",
        "height": "",
        "num_floors": "2",
        "class": "house",
        "name": ""
      }
    },
    {
      "type": "Feature",
      "geometry": {
        "type": "Polygon",
        "coordinates": [
          [
            [
              49.2775732,
              53.5931915
            ],
            [
              49.277562,
              53.5931334
            ],
            [
              49.2776203,
              53.5931294
            ],
            [
              49.2776315,
              53.5931876
            ],
            [
              49.2775732,
              53.5931915
            ]
          ]
        ]
      },
      "properties": {
        "id": "e30ad499-9467-482a-9db2-febf480c99f6",
        "source_type": "ml",
        "height": "",
        "num_floors": "",
        "class": "",
        "name": ""
      }
    },
    {
      "type": "Feature",
      "geometry": {
        "type": "Polygon",
        "coordinates": [
          [
            [
              49.2776349,
              53.5931935
            ],
            [
              49.2776517,
              53.5932506
            ],
            [
              49.2776048,
              53.5932555
            ],
            [
              49.277588,
              53.5931983
            ],
            [
              49.2776349,
              53.5931935
            ]
          ]
        ]
      },
      "properties": {
        "id": "883aa3c5-4029-492a-9222-083125c4a2f3",
        "source_type": "ml",
        "height": "",
        "num_floors": "",
        "class": "",
        "name": ""
      }
    },
    {
      "type": "Feature",
      "geometry": {
        "type": "Polygon",
        "coordinates": [
          [
            [
              49.2776799,
              53.5932484
            ],
            [
              49.277673,
              53.5931994
            ],
            [
              49.277917,
              53.5931873
            ],
            [
              49.2779239,
              53.5932363
            ],
            [
              49.2776799,
              53.5932484
            ]
          ]
        ]
      },
      "properties": {
        "id": "195358b9-b4fa-46f3-88ee-8cd882296e63",
        "source_type": "ml",
        "height": "",
        "num_floors": "",
        "class": "",
        "name": ""
      }
    },
    {
      "type": "Feature",
      "geometry": {
        "type": "Polygon",
        "coordinates": [
          [
            [
              49.2779275,
              53.5933128
            ],
            [
              49.2780388,
              53.5933092
            ],
            [
              49.278045,
              53.5933775
            ],
            [
              49.2779337,
              53.593381
            ],
            [
              49.2779275,
              53.5933128
            ]
          ]
        ]
      },
      "properties": {
        "id": "dd09bf36-2675-45c6-b876-15147061b0a4",
        "source_type": "ml",
        "height": "",
        "num_floors": "",
        "class": "",
        "name": ""
      }
    },
    {
      "type": "Feature",
      "geometry": {
        "type": "Polygon",
        "coordinates": [
          [
            [
              49.2798385,
              53.5929985
            ],
            [
              49.2798221,
              53.5929503
            ],
            [
              49.2800618,
              53.5929216
            ],
            [
              49.2800782,
              53.5929698
            ],
            [
              49.2798385,
              53.5929985
            ]
          ]
        ]
      },
      "properties": {
        "id": "e2a394a6-7e88-4357-b079-5b2375061bd1",
        "source_type": "ml",
        "height": "",
        "num_floors": "",
        "class": "",
        "name": ""
      }
    },
    {
      "type": "Feature",
      "geometry": {
        "type": "Polygon",
        "coordinates": [
          [
            [
              49.2799538,
              53.5931191
            ],
            [
              49.279958,
              53.5931715
            ],
            [
              49.2798777,
              53.5931737
            ],
            [
              49.2798735,
              53.5931213
            ],
            [
              49.2799538,
              53.5931191
            ]
          ]
        ]
      },
      "properties": {
        "id": "f0ec0112-6905-47d2-acdb-d5344a703887",
        "source_type": "ml",
        "height": "",
        "num_floors": "",
        "class": "",
        "name": ""
      }
    },
    {
      "type": "Feature",
      "geometry": {
        "type": "Polygon",
        "coordinates": [
          [
            [
              49.2799904,
              53.5932261
            ],
            [
              49.2800191,
              53.5932926
            ],
            [
              49.2799234,
              53.5933072
            ],
            [
              49.2798947,
              53.5932407
            ],
            [
              49.2799904,
              53.5932261
            ]
          ]
        ]
      },
      "properties": {
        "id": "824e8a19-9316-40b6-8cd6-f32917e2bf60",
        "source_type": "ml",
        "height": "",
        "num_floors": "",
        "class": "",
        "name": ""
      }
    },
    {
      "type": "Feature",
      "geometry": {
        "type": "Polygon",
        "coordinates": [
          [
            [
              49.279436,
              53.5930831
            ],
            [
              49.2794328,
              53.5930642
            ],
            [
              49.2795805,
              53.5930554
            ],
            [
              49.2795837,
              53.5930743
            ],
            [
              49.279436,
              53.5930831
            ]
          ]
        ]
      },
      "properties": {
        "id": "754565b4-8c23-45f4-8309-4eb55b08cf86",
        "source_type": "ml",
        "height": "",
        "num_floors": "",
        "class": "",
        "name": ""
      }
    },
    {
      "type": "Feature",
      "geometry": {
        "type": "Polygon",
        "coordinates": [
          [
            [
              49.2794102,
              53.5931129
            ],
            [
              49.2794479,
              53.5932062
            ],
            [
              49.2793971,
              53.5932134
            ],
            [
              49.2793594,
              53.5931201
            ],
            [
              49.2794102,
              53.5931129
            ]
          ]
        ]
      },
      "properties": {
        "id": "039151dc-e8e7-4198-b417-3869d32c3138",
        "source_type": "ml",
        "height": "",
        "num_floors": "",
        "class": "",
        "name": ""
      }
    },
    {
      "type": "Feature",
      "geometry": {
        "type": "Polygon",
        "coordinates": [
          [
            [
              49.2792266,
              53.5931107
            ],
            [
              49.2792233,
              53.593091
            ],
            [
              49.2793173,
              53.5930855
            ],
            [
              49.2793206,
              53.5931052
            ],
            [
              49.2792266,
              53.5931107
            ]
          ]
        ]
      },
      "properties": {
        "id": "2182dbee-3059-4c74-8b23-bbbba98edd92",
        "source_type": "ml",
        "height": "",
        "num_floors": "",
        "class": "",
        "name": ""
      }
    },
    {
      "type": "Feature",
      "geometry": {
        "type": "Polygon",
        "coordinates": [
          [
            [
              49.2789762,
              53.5929622
            ],
            [
              49.2790613,
              53.5929575
            ],
            [
              49.2790706,
              53.5930175
            ],
            [
              49.2789855,
              53.5930222
            ],
            [
              49.2789762,
              53.5929622
            ]
          ]
        ]
      },
      "properties": {
        "id": "dbc934c0-d4a9-4e93-9a91-dee4eb0e3508",
        "source_type": "ml",
        "height": "",
        "num_floors": "",
        "class": "",
        "name": ""
      }
    },
    {
      "type": "Feature",
      "geometry": {
        "type": "Polygon",
        "coordinates": [
          [
            [
              49.2786061,
              53.5930563
            ],
            [
              49.2787831,
              53.5930325
            ],
            [
              49.2787975,
              53.5930704
            ],
            [
              49.2786205,
              53.5930942
            ],
            [
              49.2786061,
              53.5930563
            ]
          ]
        ]
      },
      "properties": {
        "id": "0bd037e7-3f4d-4e9a-bde2-3105102e0b76",
        "source_type": "ml",
        "height": "",
        "num_floors": "",
        "class": "",
        "name": ""
      }
    },
    {
      "type": "Feature",
      "geometry": {
        "type": "Polygon",
        "coordinates": [
          [
            [
              49.2785563,
              53.5932904
            ],
            [
              49.2785598,
              53.5933341
            ],
            [
              49.2785159,
              53.5933353
            ],
            [
              49.2785124,
              53.5932917
            ],
            [
              49.2785563,
              53.5932904
            ]
          ]
        ]
      },
      "properties": {
        "id": "68268cbc-f496-41c6-8e82-2024ea63816a",
        "source_type": "ml",
        "height": "",
        "num_floors": "",
        "class": "",
        "name": ""
      }
    },
    {
      "type": "Feature",
      "geometry": {
        "type": "Polygon",
        "coordinates": [
          [
            [
              49.2784156,
              53.5931087
            ],
            [
              49.2784571,
              53.5931009
            ],
            [
              49.2784762,
              53.5931372
            ],
            [
              49.2784347,
              53.5931449
            ],
            [
              49.2784156,
              53.5931087
            ]
          ]
        ]
      },
      "properties": {
        "id": "59cb4907-22b2-4d0a-847c-e97cd0cda723",
        "source_type": "ml",
        "height": "",
        "num_floors": "",
        "class": "",
        "name": ""
      }
    },
    {
      "type": "Feature",
      "geometry": {
        "type": "Polygon",
        "coordinates": [
          [
            [
              49.2783583,
              53.5931065
            ],
            [
              49.2784171,
              53.5931042
            ],
            [
              49.2784218,
              53.593147
            ],
            [
              49.2783631,
              53.5931493
            ],
            [
              49.2783583,
              53.5931065
            ]
          ]
        ]
      },
      "properties": {
        "id": "dc715971-8269-4f71-a700-f7299ec9c0a8",
        "source_type": "ml",
        "height": "",
        "num_floors": "",
        "class": "",
        "name": ""
      }
    },
    {
      "type": "Feature",
      "geometry": {
        "type": "Polygon",
        "coordinates": [
          [
            [
              49.2782263,
              53.5933467
            ],
            [
              49.2782128,
              53.5932873
            ],
            [
              49.2783207,
              53.5932787
            ],
            [
              49.2783343,
              53.5933381
            ],
            [
              49.2782263,
              53.5933467
            ]
          ]
        ]
      },
      "properties": {
        "id": "1130de35-5641-4270-9e17-d31d97b9d090",
        "source_type": "ml",
        "height": "",
        "num_floors": "",
        "class": "",
        "name": ""
      }
    },
    {
      "type": "Feature",
      "geometry": {
        "type": "Polygon",
        "coordinates": [
          [
            [
              49.2782103,
              53.5940494
            ],
            [
              49.2782631,
              53.5940453
            ],
            [
              49.2782775,
              53.594111
            ],
            [
              49.2782247,
              53.5941151
            ],
            [
              49.2782103,
              53.5940494
            ]
          ]
        ]
      },
      "properties": {
        "id": "3a4367e2-1b07-4a2c-8634-acdc18a0ac0f",
        "source_type": "ml",
        "height": "",
        "num_floors": "",
        "class": "",
        "name": ""
      }
    },
    {
      "type": "Feature",
      "geometry": {
        "type": "Polygon",
        "coordinates": [
          [
            [
              49.2784885,
              53.5940776
            ],
            [
              49.2783663,
              53.5940886
            ],
            [
              49.2783487,
              53.5940195
            ],
            [
              49.2784709,
              53.5940086
            ],
            [
              49.2784885,
              53.5940776
            ]
          ]
        ]
      },
      "properties": {
        "id": "0e11407a-e950-4b1b-8d51-6fac0a254ba4",
        "source_type": "osm",
        "height": "",
        "num_floors": "2",
        "class": "house",
        "name": ""
      }
    },
    {
      "type": "Feature",
      "geometry": {
        "type": "Polygon",
        "coordinates": [
          [
            [
              49.2785946,
              53.593711
            ],
            [
              49.278274,
              53.5937485
            ],
            [
              49.2782419,
              53.5936517
            ],
            [
              49.2785625,
              53.5936142
            ],
            [
              49.2785946,
              53.593711
            ]
          ]
        ]
      },
      "properties": {
        "id": "17444285-f5ec-4b7d-9ba0-2286caace552",
        "source_type": "osm",
        "height": "",
        "num_floors": "2",
        "class": "house",
        "name": ""
      }
    },
    {
      "type": "Feature",
      "geometry": {
        "type": "Polygon",
        "coordinates": [
          [
            [
              49.2784876,
              53.5933765
            ],
            [
              49.2784887,
              53.5933956
            ],
            [
              49.2783681,
              53.593398
            ],
            [
              49.2783671,
              53.5933789
            ],
            [
              49.2784876,
              53.5933765
            ]
          ]
        ]
      },
      "properties": {
        "id": "6512f1c8-8402-4053-ab71-693af69ef16f",
        "source_type": "ml",
        "height": "",
        "num_floors": "",
        "class": "",
        "name": ""
      }
    },
    {
      "type": "Feature",
      "geometry": {
        "type": "Polygon",
        "coordinates": [
          [
            [
              49.2785995,
              53.5934545
            ],
            [
              49.2786067,
              53.5935298
            ],
            [
              49.2784901,
              53.5935337
            ],
            [
              49.278483,
              53.5934584
            ],
            [
              49.2785995,
              53.5934545
            ]
          ]
        ]
      },
      "properties": {
        "id": "8bef30fe-5c93-446a-8709-a557e3999d51",
        "source_type": "ml",
        "height": "",
        "num_floors": "",
        "class": "",
        "name": ""
      }
    },
    {
      "type": "Feature",
      "geometry": {
        "type": "Polygon",
        "coordinates": [
          [
            [
              49.2786397,
              53.5935114
            ],
            [
              49.2786213,
              53.5934488
            ],
            [
              49.2786785,
              53.5934429
            ],
            [
              49.2786969,
              53.5935055
            ],
            [
              49.2786397,
              53.5935114
            ]
          ]
        ]
      },
      "properties": {
        "id": "24e7adb8-e243-447c-a80b-105f569a896f",
        "source_type": "ml",
        "height": "",
        "num_floors": "",
        "class": "",
        "name": ""
      }
    },
    {
      "type": "Feature",
      "geometry": {
        "type": "Polygon",
        "coordinates": [
          [
            [
              49.2784715,
              53.5939211
            ],
            [
              49.2784644,
              53.5938721
            ],
            [
              49.2785922,
              53.5938656
            ],
            [
              49.2785993,
              53.5939146
            ],
            [
              49.2784715,
              53.5939211
            ]
          ]
        ]
      },
      "properties": {
        "id": "ee0aeea4-b00e-4dbd-b5dd-4fed1591cc8d",
        "source_type": "ml",
        "height": "",
        "num_floors": "",
        "class": "",
        "name": ""
      }
    },
    {
      "type": "Feature",
      "geometry": {
        "type": "Polygon",
        "coordinates": [
          [
            [
              49.2785215,
              53.5943665
            ],
            [
              49.2785157,
              53.5943046
            ],
            [
              49.2785986,
              53.5943019
            ],
            [
              49.2786044,
              53.5943638
            ],
            [
              49.2785215,
              53.5943665
            ]
          ]
        ]
      },
      "properties": {
        "id": "a2903a58-e76b-4c5c-933b-84373425ad88",
        "source_type": "ml",
        "height": "",
        "num_floors": "",
        "class": "",
        "name": ""
      }
    },
    {
      "type": "Feature",
      "geometry": {
        "type": "Polygon",
        "coordinates": [
          [
            [
              49.2784776,
              53.5942258
            ],
            [
              49.2785178,
              53.5942247
            ],
            [
              49.2785163,
              53.5942056
            ],
            [
              49.2785591,
              53.5942045
            ],
            [
              49.2785633,
              53.5942585
            ],
            [
              49.2784803,
              53.5942608
            ],
            [
              49.2784776,
              53.5942258
            ]
          ]
        ]
      },
      "properties": {
        "id": "4de23caa-0ac6-41b5-9e1b-5eba839be028",
        "source_type": "ml",
        "height": "",
        "num_floors": "",
        "class": "",
        "name": ""
      }
    },
    {
      "type": "Feature",
      "geometry": {
        "type": "Polygon",
        "coordinates": [
          [
            [
              49.2786689,
              53.5941226
            ],
            [
              49.2786706,
              53.594183
            ],
            [
              49.278625,
              53.5941835
            ],
            [
              49.2786233,
              53.594123
            ],
            [
              49.2786689,
              53.5941226
            ]
          ]
        ]
      },
      "properties": {
        "id": "f35f68d0-5343-4346-a390-7165d743c202",
        "source_type": "ml",
        "height": "",
        "num_floors": "",
        "class": "",
        "name": ""
      }
    },
    {
      "type": "Feature",
      "geometry": {
        "type": "Polygon",
        "coordinates": [
          [
            [
              49.2787558,
              53.5945543
            ],
            [
              49.2787672,
              53.5945995
            ],
            [
              49.2786019,
              53.5946142
            ],
            [
              49.2785905,
              53.5945691
            ],
            [
              49.2787558,
              53.5945543
            ]
          ]
        ]
      },
      "properties": {
        "id": "b242cf7c-a891-4043-be8e-bf0d6b6c7f43",
        "source_type": "ml",
        "height": "",
        "num_floors": "",
        "class": "",
        "name": ""
      }
    },
    {
      "type": "Feature",
      "geometry": {
        "type": "Polygon",
        "coordinates": [
          [
            [
              49.2786402,
              53.5947714
            ],
            [
              49.2786378,
              53.59473
            ],
            [
              49.2787316,
              53.5947281
            ],
            [
              49.278734,
              53.5947695
            ],
            [
              49.2786402,
              53.5947714
            ]
          ]
        ]
      },
      "properties": {
        "id": "6fc01499-6c5b-4cc9-9469-ca568632ff33",
        "source_type": "ml",
        "height": "",
        "num_floors": "",
        "class": "",
        "name": ""
      }
    },
    {
      "type": "Feature",
      "geometry": {
        "type": "Polygon",
        "coordinates": [
          [
            [
              49.2783339,
              53.5944423
            ],
            [
              49.2782052,
              53.5944539
            ],
            [
              49.2781916,
              53.594401
            ],
            [
              49.2783203,
              53.5943894
            ],
            [
              49.2783339,
              53.5944423
            ]
          ]
        ]
      },
      "properties": {
        "id": "d022a0b4-2412-463f-8615-6627253cece3",
        "source_type": "osm",
        "height": "",
        "num_floors": "1",
        "class": "house",
        "name": ""
      }
    },
    {
      "type": "Feature",
      "geometry": {
        "type": "Polygon",
        "coordinates": [
          [
            [
              49.2782561,
              53.5942518
            ],
            [
              49.278168,
              53.5942595
            ],
            [
              49.2781547,
              53.5942052
            ],
            [
              49.2782428,
              53.5941976
            ],
            [
              49.2782561,
              53.5942518
            ]
          ]
        ]
      },
      "properties": {
        "id": "d11b9828-acac-469f-89f1-78cadf23445c",
        "source_type": "osm",
        "height": "",
        "num_floors": "1",
        "class": "house",
        "name": ""
      }
    },
    {
      "type": "Feature",
      "geometry": {
        "type": "Polygon",
        "coordinates": [
          [
            [
              49.2782731,
              53.5945864
            ],
            [
              49.2782807,
              53.5946417
            ],
            [
              49.278234,
              53.594644
            ],
            [
              49.2782263,
              53.5945886
            ],
            [
              49.2782731,
              53.5945864
            ]
          ]
        ]
      },
      "properties": {
        "id": "9fd46364-0d4c-4d9d-b22b-80a958cdf054",
        "source_type": "ml",
        "height": "",
        "num_floors": "",
        "class": "",
        "name": ""
      }
    },
    {
      "type": "Feature",
      "geometry": {
        "type": "Polygon",
        "coordinates": [
          [
            [
              49.2781909,
              53.5946446
            ],
            [
              49.2782204,
              53.5946411
            ],
            [
              49.2782394,
              53.5946978
            ],
            [
              49.2782099,
              53.5947013
            ],
            [
              49.2781909,
              53.5946446
            ]
          ]
        ]
      },
      "properties": {
        "id": "74d5170f-a70f-43f1-886e-eb1273b6d5a5",
        "source_type": "ml",
        "height": "",
        "num_floors": "",
        "class": "",
        "name": ""
      }
    },
    {
      "type": "Feature",
      "geometry": {
        "type": "Polygon",
        "coordinates": [
          [
            [
              49.2782176,
              53.5951113
            ],
            [
              49.2782234,
              53.5951298
            ],
            [
              49.2781366,
              53.5951393
            ],
            [
              49.2781308,
              53.5951209
            ],
            [
              49.2782176,
              53.5951113
            ]
          ]
        ]
      },
      "properties": {
        "id": "70750633-016c-439a-a8e1-6f618676afbc",
        "source_type": "ml",
        "height": "",
        "num_floors": "",
        "class": "",
        "name": ""
      }
    },
    {
      "type": "Feature",
      "geometry": {
        "type": "Polygon",
        "coordinates": [
          [
            [
              49.278181,
              53.5950456
            ],
            [
              49.2781628,
              53.5950013
            ],
            [
              49.2781945,
              53.5949967
            ],
            [
              49.2782127,
              53.595041
            ],
            [
              49.278181,
              53.5950456
            ]
          ]
        ]
      },
      "properties": {
        "id": "f94ce377-1a77-4f1d-95f6-4d5e146375f7",
        "source_type": "ml",
        "height": "",
        "num_floors": "",
        "class": "",
        "name": ""
      }
    },
    {
      "type": "Feature",
      "geometry": {
        "type": "Polygon",
        "coordinates": [
          [
            [
              49.2782339,
              53.5951239
            ],
            [
              49.2782291,
              53.5950651
            ],
            [
              49.2782959,
              53.5950632
            ],
            [
              49.2783008,
              53.5951219
            ],
            [
              49.2782339,
              53.5951239
            ]
          ]
        ]
      },
      "properties": {
        "id": "9b80c357-709c-4f25-8d84-c95cf3575f49",
        "source_type": "ml",
        "height": "",
        "num_floors": "",
        "class": "",
        "name": ""
      }
    },
    {
      "type": "Feature",
      "geometry": {
        "type": "Polygon",
        "coordinates": [
          [
            [
              49.2783171,
              53.5950923
            ],
            [
              49.2783035,
              53.5950601
            ],
            [
              49.2784333,
              53.5950407
            ],
            [
              49.278447,
              53.595073
            ],
            [
              49.2783171,
              53.5950923
            ]
          ]
        ]
      },
      "properties": {
        "id": "e544d7dd-6bb6-4a71-8676-5b5322dff565",
        "source_type": "ml",
        "height": "",
        "num_floors": "",
        "class": "",
        "name": ""
      }
    },
    {
      "type": "Feature",
      "geometry": {
        "type": "Polygon",
        "coordinates": [
          [
            [
              49.2783773,
              53.5951252
            ],
            [
              49.2783852,
              53.5951684
            ],
            [
              49.2782579,
              53.5951765
            ],
            [
              49.2782501,
              53.5951333
            ],
            [
              49.2783773,
              53.5951252
            ]
          ]
        ]
      },
      "properties": {
        "id": "e9be0628-372e-461d-9295-30d3f7c5571c",
        "source_type": "ml",
        "height": "",
        "num_floors": "",
        "class": "",
        "name": ""
      }
    },
    {
      "type": "Feature",
      "geometry": {
        "type": "Polygon",
        "coordinates": [
          [
            [
              49.2781897,
              53.5954315
            ],
            [
              49.2782215,
              53.5954271
            ],
            [
              49.2782485,
              53.5954959
            ],
            [
              49.2782166,
              53.5955003
            ],
            [
              49.2781897,
              53.5954315
            ]
          ]
        ]
      },
      "properties": {
        "id": "0cfd53b7-c4d3-427e-b5f3-0e282c809cf1",
        "source_type": "ml",
        "height": "",
        "num_floors": "",
        "class": "",
        "name": ""
      }
    },
    {
      "type": "Feature",
      "geometry": {
        "type": "Polygon",
        "coordinates": [
          [
            [
              49.2782441,
              53.5951635
            ],
            [
              49.2782467,
              53.5952175
            ],
            [
              49.278169,
              53.5952189
            ],
            [
              49.2781664,
              53.5951648
            ],
            [
              49.2782441,
              53.5951635
            ]
          ]
        ]
      },
      "properties": {
        "id": "0bc12528-061c-493b-9786-8eb558d78961",
        "source_type": "ml",
        "height": "",
        "num_floors": "",
        "class": "",
        "name": ""
      }
    },
    {
      "type": "Feature",
      "geometry": {
        "type": "Polygon",
        "coordinates": [
          [
            [
              49.2785526,
              53.5953203
            ],
            [
              49.2785142,
              53.5953229
            ],
            [
              49.2785108,
              53.5953048
            ],
            [
              49.2786299,
              53.5952968
            ],
            [
              49.2786377,
              53.5953377
            ],
            [
              49.278557,
              53.5953431
            ],
            [
              49.2785526,
              53.5953203
            ]
          ]
        ]
      },
      "properties": {
        "id": "6baa4e77-d183-4393-9efe-f9549b8a37fe",
        "source_type": "ml",
        "height": "",
        "num_floors": "",
        "class": "",
        "name": ""
      }
    },
    {
      "type": "Feature",
      "geometry": {
        "type": "Polygon",
        "coordinates": [
          [
            [
              49.27848,
              53.5954056
            ],
            [
              49.2785335,
              53.5954045
            ],
            [
              49.278536,
              53.5954458
            ],
            [
              49.2784824,
              53.595447
            ],
            [
              49.27848,
              53.5954056
            ]
          ]
        ]
      },
      "properties": {
        "id": "aa7a495c-1849-44d9-a94f-bcd841cb2e3c",
        "source_type": "ml",
        "height": "",
        "num_floors": "",
        "class": "",
        "name": ""
      }
    },
    {
      "type": "Feature",
      "geometry": {
        "type": "Polygon",
        "coordinates": [
          [
            [
              49.2785705,
              53.5952242
            ],
            [
              49.278578,
              53.5952642
            ],
            [
              49.2785382,
              53.5952668
            ],
            [
              49.2785308,
              53.5952268
            ],
            [
              49.2785705,
              53.5952242
            ]
          ]
        ]
      },
      "properties": {
        "id": "a5505e85-be25-4eda-803c-2e9f99eb148b",
        "source_type": "ml",
        "height": "",
        "num_floors": "",
        "class": "",
        "name": ""
      }
    },
    {
      "type": "Feature",
      "geometry": {
        "type": "Polygon",
        "coordinates": [
          [
            [
              49.278447,
              53.5949244
            ],
            [
              49.2785193,
              53.5949185
            ],
            [
              49.2785311,
              53.5949693
            ],
            [
              49.2784588,
              53.5949752
            ],
            [
              49.278447,
              53.5949244
            ]
          ]
        ]
      },
      "properties": {
        "id": "f9774826-b3d8-4857-b4e6-be7c88a2c0bf",
        "source_type": "ml",
        "height": "",
        "num_floors": "",
        "class": "",
        "name": ""
      }
    },
    {
      "type": "Feature",
      "geometry": {
        "type": "Polygon",
        "coordinates": [
          [
            [
              49.2787321,
              53.5948372
            ],
            [
              49.2787369,
              53.594892
            ],
            [
              49.2786888,
              53.5948934
            ],
            [
              49.2786839,
              53.5948387
            ],
            [
              49.2787321,
              53.5948372
            ]
          ]
        ]
      },
      "properties": {
        "id": "c240247a-a01a-4178-8286-a42e37a2d293",
        "source_type": "ml",
        "height": "",
        "num_floors": "",
        "class": "",
        "name": ""
      }
    },
    {
      "type": "Feature",
      "geometry": {
        "type": "Polygon",
        "coordinates": [
          [
            [
              49.2790289,
              53.5949826
            ],
            [
              49.2790469,
              53.5950436
            ],
            [
              49.2789726,
              53.5950513
            ],
            [
              49.2789546,
              53.5949903
            ],
            [
              49.2790289,
              53.5949826
            ]
          ]
        ]
      },
      "properties": {
        "id": "b092ef38-bd96-4d78-b005-398653c0ce00",
        "source_type": "ml",
        "height": "",
        "num_floors": "",
        "class": "",
        "name": ""
      }
    },
    {
      "type": "Feature",
      "geometry": {
        "type": "Polygon",
        "coordinates": [
          [
            [
              49.2788664,
              53.5953416
            ],
            [
              49.2788593,
              53.5953071
            ],
            [
              49.2789135,
              53.5953032
            ],
            [
              49.2789206,
              53.5953377
            ],
            [
              49.2788664,
              53.5953416
            ]
          ]
        ]
      },
      "properties": {
        "id": "43b13b9e-578b-415f-8349-63546ae1b70e",
        "source_type": "ml",
        "height": "",
        "num_floors": "",
        "class": "",
        "name": ""
      }
    },
    {
      "type": "Feature",
      "geometry": {
        "type": "Polygon",
        "coordinates": [
          [
            [
              49.2788465,
              53.5955016
            ],
            [
              49.2788362,
              53.5954417
            ],
            [
              49.2789145,
              53.595437
            ],
            [
              49.2789248,
              53.5954968
            ],
            [
              49.2788465,
              53.5955016
            ]
          ]
        ]
      },
      "properties": {
        "id": "c474c717-5108-47af-994b-5d33b41ea485",
        "source_type": "ml",
        "height": "",
        "num_floors": "",
        "class": "",
        "name": ""
      }
    },
    {
      "type": "Feature",
      "geometry": {
        "type": "Polygon",
        "coordinates": [
          [
            [
              49.2788555,
              53.5952679
            ],
            [
              49.2788682,
              53.595316
            ],
            [
              49.278791,
              53.5953232
            ],
            [
              49.2787782,
              53.5952751
            ],
            [
              49.2788555,
              53.5952679
            ]
          ]
        ]
      },
      "properties": {
        "id": "ca0fb923-e5ef-4a1f-b818-b6e601d80599",
        "source_type": "ml",
        "height": "",
        "num_floors": "",
        "class": "",
        "name": ""
      }
    },
    {
      "type": "Feature",
      "geometry": {
        "type": "Polygon",
        "coordinates": [
          [
            [
              49.2791298,
              53.5954703
            ],
            [
              49.2791124,
              53.59541
            ],
            [
              49.2791723,
              53.5954039
            ],
            [
              49.2791898,
              53.5954642
            ],
            [
              49.2791298,
              53.5954703
            ]
          ]
        ]
      },
      "properties": {
        "id": "39c41c15-c53a-4a4c-ae8a-3ead363e8662",
        "source_type": "ml",
        "height": "",
        "num_floors": "",
        "class": "",
        "name": ""
      }
    },
    {
      "type": "Feature",
      "geometry": {
        "type": "Polygon",
        "coordinates": [
          [
            [
              49.2791914,
              53.5952717
            ],
            [
              49.2791958,
              53.5953113
            ],
            [
              49.2790943,
              53.5953153
            ],
            [
              49.2790899,
              53.5952756
            ],
            [
              49.2791914,
              53.5952717
            ]
          ]
        ]
      },
      "properties": {
        "id": "8d6b7a45-d08a-4e86-a6cc-409903a383f8",
        "source_type": "ml",
        "height": "",
        "num_floors": "",
        "class": "",
        "name": ""
      }
    },
    {
      "type": "Feature",
      "geometry": {
        "type": "Polygon",
        "coordinates": [
          [
            [
              49.2791303,
              53.5948965
            ],
            [
              49.2791319,
              53.5949378
            ],
            [
              49.279097,
              53.5949383
            ],
            [
              49.2790954,
              53.5948969
            ],
            [
              49.2791303,
              53.5948965
            ]
          ]
        ]
      },
      "properties": {
        "id": "05943e7d-6b03-404e-a0bd-7f5d6ab77869",
        "source_type": "ml",
        "height": "",
        "num_floors": "",
        "class": "",
        "name": ""
      }
    },
    {
      "type": "Feature",
      "geometry": {
        "type": "Polygon",
        "coordinates": [
          [
            [
              49.2791408,
              53.5948034
            ],
            [
              49.2792329,
              53.594793
            ],
            [
              49.2792429,
              53.5948245
            ],
            [
              49.2791509,
              53.5948349
            ],
            [
              49.2791408,
              53.5948034
            ]
          ]
        ]
      },
      "properties": {
        "id": "b675dab1-8176-4bed-a2f2-f711fdb538cb",
        "source_type": "ml",
        "height": "",
        "num_floors": "",
        "class": "",
        "name": ""
      }
    },
    {
      "type": "Feature",
      "geometry": {
        "type": "Polygon",
        "coordinates": [
          [
            [
              49.2791653,
              53.5950349
            ],
            [
              49.2791403,
              53.5949715
            ],
            [
              49.2791912,
              53.5949644
            ],
            [
              49.2792161,
              53.5950278
            ],
            [
              49.2791653,
              53.5950349
            ]
          ]
        ]
      },
      "properties": {
        "id": "bbe7c707-f8f4-4b53-90fd-2415f27d3419",
        "source_type": "ml",
        "height": "",
        "num_floors": "",
        "class": "",
        "name": ""
      }
    },
    {
      "type": "Feature",
      "geometry": {
        "type": "Polygon",
        "coordinates": [
          [
            [
              49.2792538,
              53.5951473
            ],
            [
              49.2792849,
              53.5951438
            ],
            [
              49.2793015,
              53.5951961
            ],
            [
              49.2792704,
              53.5951996
            ],
            [
              49.2792538,
              53.5951473
            ]
          ]
        ]
      },
      "properties": {
        "id": "329e622e-d2d8-45d9-8c5c-f2a6df332226",
        "source_type": "ml",
        "height": "",
        "num_floors": "",
        "class": "",
        "name": ""
      }
    },
    {
      "type": "Feature",
      "geometry": {
        "type": "Polygon",
        "coordinates": [
          [
            [
              49.2790024,
              53.5946273
            ],
            [
              49.2790435,
              53.5946244
            ],
            [
              49.2790573,
              53.5946918
            ],
            [
              49.2790162,
              53.5946948
            ],
            [
              49.2790024,
              53.5946273
            ]
          ]
        ]
      },
      "properties": {
        "id": "1fe40747-4c15-4e5f-b701-7cfc1179fbcc",
        "source_type": "ml",
        "height": "",
        "num_floors": "",
        "class": "",
        "name": ""
      }
    },
    {
      "type": "Feature",
      "geometry": {
        "type": "Polygon",
        "coordinates": [
          [
            [
              49.278999,
              53.5945016
            ],
            [
              49.2790159,
              53.5945571
            ],
            [
              49.2789301,
              53.5945662
            ],
            [
              49.2789133,
              53.5945107
            ],
            [
              49.278999,
              53.5945016
            ]
          ]
        ]
      },
      "properties": {
        "id": "d590e5cb-fc40-477c-bb88-3852944d1f9b",
        "source_type": "ml",
        "height": "",
        "num_floors": "",
        "class": "",
        "name": ""
      }
    },
    {
      "type": "Feature",
      "geometry": {
        "type": "Polygon",
        "coordinates": [
          [
            [
              49.2788999,
              53.5945289
            ],
            [
              49.2788965,
              53.5945894
            ],
            [
              49.2788456,
              53.5945883
            ],
            [
              49.278849,
              53.5945279
            ],
            [
              49.2788999,
              53.5945289
            ]
          ]
        ]
      },
      "properties": {
        "id": "ac8cb6b6-c632-4245-8974-7a774d191cb9",
        "source_type": "ml",
        "height": "",
        "num_floors": "",
        "class": "",
        "name": ""
      }
    },
    {
      "type": "Feature",
      "geometry": {
        "type": "Polygon",
        "coordinates": [
          [
            [
              49.2787233,
              53.5942896
            ],
            [
              49.2787676,
              53.5942851
            ],
            [
              49.2787796,
              53.5943269
            ],
            [
              49.2787353,
              53.5943314
            ],
            [
              49.2787233,
              53.5942896
            ]
          ]
        ]
      },
      "properties": {
        "id": "6ff7e007-523f-4b5c-b18b-5f0aa125b72b",
        "source_type": "ml",
        "height": "",
        "num_floors": "",
        "class": "",
        "name": ""
      }
    },
    {
      "type": "Feature",
      "geometry": {
        "type": "Polygon",
        "coordinates": [
          [
            [
              49.2788171,
              53.5941876
            ],
            [
              49.2788151,
              53.5942417
            ],
            [
              49.2787734,
              53.5942412
            ],
            [
              49.2787754,
              53.5941871
            ],
            [
              49.2788171,
              53.5941876
            ]
          ]
        ]
      },
      "properties": {
        "id": "729da759-19c8-45f8-8e90-ba76f255199a",
        "source_type": "ml",
        "height": "",
        "num_floors": "",
        "class": "",
        "name": ""
      }
    },
    {
      "type": "Feature",
      "geometry": {
        "type": "Polygon",
        "coordinates": [
          [
            [
              49.278861,
              53.5942766
            ],
            [
              49.278928,
              53.5942766
            ],
            [
              49.278928,
              53.5943228
            ],
            [
              49.278861,
              53.5943228
            ],
            [
              49.278861,
              53.5942766
            ]
          ]
        ]
      },
      "properties": {
        "id": "998e2cf4-eff4-4961-8d40-0f5c93412d6b",
        "source_type": "ml",
        "height": "",
        "num_floors": "",
        "class": "",
        "name": ""
      }
    },
    {
      "type": "Feature",
      "geometry": {
        "type": "Polygon",
        "coordinates": [
          [
            [
              49.2789491,
              53.5943345
            ],
            [
              49.2789481,
              53.5943146
            ],
            [
              49.2790404,
              53.5943131
            ],
            [
              49.2790414,
              53.594333
            ],
            [
              49.2789491,
              53.5943345
            ]
          ]
        ]
      },
      "properties": {
        "id": "8dd50ea9-a280-4ba1-96b6-4798a523f9a6",
        "source_type": "ml",
        "height": "",
        "num_floors": "",
        "class": "",
        "name": ""
      }
    },
    {
      "type": "Feature",
      "geometry": {
        "type": "Polygon",
        "coordinates": [
          [
            [
              49.278749,
              53.5939145
            ],
            [
              49.2788049,
              53.5939114
            ],
            [
              49.2788118,
              53.5939548
            ],
            [
              49.278756,
              53.5939579
            ],
            [
              49.278749,
              53.5939145
            ]
          ]
        ]
      },
      "properties": {
        "id": "974c3d88-1d71-4708-908a-306b9b8d7d46",
        "source_type": "ml",
        "height": "",
        "num_floors": "",
        "class": "",
        "name": ""
      }
    },
    {
      "type": "Feature",
      "geometry": {
        "type": "Polygon",
        "coordinates": [
          [
            [
              49.278715,
              53.5938046
            ],
            [
              49.2787093,
              53.5937845
            ],
            [
              49.2788553,
              53.5937698
            ],
            [
              49.2788611,
              53.59379
            ],
            [
              49.278715,
              53.5938046
            ]
          ]
        ]
      },
      "properties": {
        "id": "357a7a60-7e00-4512-9b1f-e4896a8e323c",
        "source_type": "ml",
        "height": "",
        "num_floors": "",
        "class": "",
        "name": ""
      }
    },
    {
      "type": "Feature",
      "geometry": {
        "type": "Polygon",
        "coordinates": [
          [
            [
              49.2787045,
              53.5934724
            ],
            [
              49.2787095,
              53.59344
            ],
            [
              49.278768,
              53.5934432
            ],
            [
              49.278763,
              53.5934756
            ],
            [
              49.2787045,
              53.5934724
            ]
          ]
        ]
      },
      "properties": {
        "id": "2f46a226-5689-4a43-8327-21de7cc962e6",
        "source_type": "ml",
        "height": "",
        "num_floors": "",
        "class": "",
        "name": ""
      }
    },
    {
      "type": "Feature",
      "geometry": {
        "type": "Polygon",
        "coordinates": [
          [
            [
              49.2788695,
              53.5936422
            ],
            [
              49.2789551,
              53.5936395
            ],
            [
              49.2789578,
              53.5936697
            ],
            [
              49.2788722,
              53.5936724
            ],
            [
              49.2788695,
              53.5936422
            ]
          ]
        ]
      },
      "properties": {
        "id": "e3586cb4-250a-4e0f-8464-f6cb02477af7",
        "source_type": "ml",
        "height": "",
        "num_floors": "",
        "class": "",
        "name": ""
      }
    },
    {
      "type": "Feature",
      "geometry": {
        "type": "Polygon",
        "coordinates": [
          [
            [
              49.2790846,
              53.5934111
            ],
            [
              49.2790799,
              53.5933867
            ],
            [
              49.2791991,
              53.5933787
            ],
            [
              49.2792038,
              53.5934031
            ],
            [
              49.2790846,
              53.5934111
            ]
          ]
        ]
      },
      "properties": {
        "id": "40a5e1d3-0cd5-47c8-a47f-065b99923622",
        "source_type": "ml",
        "height": "",
        "num_floors": "",
        "class": "",
        "name": ""
      }
    },
    {
      "type": "Feature",
      "geometry": {
        "type": "Polygon",
        "coordinates": [
          [
            [
              49.2792348,
              53.5936051
            ],
            [
              49.2792414,
              53.5936356
            ],
            [
              49.2791686,
              53.5936411
            ],
            [
              49.279162,
              53.5936106
            ],
            [
              49.2792348,
              53.5936051
            ]
          ]
        ]
      },
      "properties": {
        "id": "bbd79e9c-20fe-4e4b-b4f1-312a05738476",
        "source_type": "ml",
        "height": "",
        "num_floors": "",
        "class": "",
        "name": ""
      }
    },
    {
      "type": "Feature",
      "geometry": {
        "type": "Polygon",
        "coordinates": [
          [
            [
              49.2791107,
              53.5934783
            ],
            [
              49.2791067,
              53.5934402
            ],
            [
              49.2792242,
              53.5934358
            ],
            [
              49.2792283,
              53.5934739
            ],
            [
              49.2791107,
              53.5934783
            ]
          ]
        ]
      },
      "properties": {
        "id": "7a354027-535f-4a24-a696-cf09e96595cc",
        "source_type": "ml",
        "height": "",
        "num_floors": "",
        "class": "",
        "name": ""
      }
    },
    {
      "type": "Feature",
      "geometry": {
        "type": "Polygon",
        "coordinates": [
          [
            [
              49.2793404,
              53.5936741
            ],
            [
              49.2793427,
              53.5937314
            ],
            [
              49.2792918,
              53.5937321
            ],
            [
              49.2792895,
              53.5936749
            ],
            [
              49.2793404,
              53.5936741
            ]
          ]
        ]
      },
      "properties": {
        "id": "34915012-fb13-4352-8f53-da0eadae981f",
        "source_type": "ml",
        "height": "",
        "num_floors": "",
        "class": "",
        "name": ""
      }
    },
    {
      "type": "Feature",
      "geometry": {
        "type": "Polygon",
        "coordinates": [
          [
            [
              49.2795067,
              53.5933739
            ],
            [
              49.2795731,
              53.5933699
            ],
            [
              49.2795774,
              53.5933951
            ],
            [
              49.279511,
              53.5933991
            ],
            [
              49.2795067,
              53.5933739
            ]
          ]
        ]
      },
      "properties": {
        "id": "fa2e021d-73ac-4549-94b8-ea42cccf7c95",
        "source_type": "ml",
        "height": "",
        "num_floors": "",
        "class": "",
        "name": ""
      }
    },
    {
      "type": "Feature",
      "geometry": {
        "type": "Polygon",
        "coordinates": [
          [
            [
              49.2795582,
              53.5935899
            ],
            [
              49.2795689,
              53.5936179
            ],
            [
              49.2795077,
              53.5936261
            ],
            [
              49.279497,
              53.5935981
            ],
            [
              49.2795582,
              53.5935899
            ]
          ]
        ]
      },
      "properties": {
        "id": "9e09694f-9f5a-4627-bd0c-ea7884d28798",
        "source_type": "ml",
        "height": "",
        "num_floors": "",
        "class": "",
        "name": ""
      }
    },
    {
      "type": "Feature",
      "geometry": {
        "type": "Polygon",
        "coordinates": [
          [
            [
              49.2794181,
              53.5937903
            ],
            [
              49.2794999,
              53.5937796
            ],
            [
              49.2795101,
              53.5938069
            ],
            [
              49.2794282,
              53.5938176
            ],
            [
              49.2794181,
              53.5937903
            ]
          ]
        ]
      },
      "properties": {
        "id": "9f4c5f61-548c-4dcf-b20f-82946f1234c7",
        "source_type": "ml",
        "height": "",
        "num_floors": "",
        "class": "",
        "name": ""
      }
    },
    {
      "type": "Feature",
      "geometry": {
        "type": "Polygon",
        "coordinates": [
          [
            [
              49.2794055,
              53.5939022
            ],
            [
              49.2793977,
              53.5938509
            ],
            [
              49.2794376,
              53.5938487
            ],
            [
              49.2794454,
              53.5939
            ],
            [
              49.2794055,
              53.5939022
            ]
          ]
        ]
      },
      "properties": {
        "id": "42e6214c-bfe7-4e89-8793-5798ec5caff8",
        "source_type": "ml",
        "height": "",
        "num_floors": "",
        "class": "",
        "name": ""
      }
    },
    {
      "type": "Feature",
      "geometry": {
        "type": "Polygon",
        "coordinates": [
          [
            [
              49.2792683,
              53.5939934
            ],
            [
              49.2792665,
              53.593952
            ],
            [
              49.27934,
              53.5939509
            ],
            [
              49.2793418,
              53.5939923
            ],
            [
              49.2792683,
              53.5939934
            ]
          ]
        ]
      },
      "properties": {
        "id": "a4e95d10-ab29-4be9-8629-c6c19821e4b1",
        "source_type": "ml",
        "height": "",
        "num_floors": "",
        "class": "",
        "name": ""
      }
    },
    {
      "type": "Feature",
      "geometry": {
        "type": "Polygon",
        "coordinates": [
          [
            [
              49.2794764,
              53.59417
            ],
            [
              49.2794052,
              53.5941713
            ],
            [
              49.2794062,
              53.5941904
            ],
            [
              49.2793311,
              53.5941918
            ],
            [
              49.2793281,
              53.5941329
            ],
            [
              49.2794743,
              53.5941302
            ],
            [
              49.2794764,
              53.59417
            ]
          ]
        ]
      },
      "properties": {
        "id": "520c5139-803a-49fc-ac36-3e37e980b1c1",
        "source_type": "ml",
        "height": "",
        "num_floors": "",
        "class": "",
        "name": ""
      }
    },
    {
      "type": "Feature",
      "geometry": {
        "type": "Polygon",
        "coordinates": [
          [
            [
              49.2794388,
              53.5942852
            ],
            [
              49.2794915,
              53.5942809
            ],
            [
              49.2795091,
              53.5943566
            ],
            [
              49.2793828,
              53.594367
            ],
            [
              49.2793695,
              53.59431
            ],
            [
              49.2793932,
              53.594308
            ],
            [
              49.2793703,
              53.5942096
            ],
            [
              49.2794203,
              53.5942055
            ],
            [
              49.2794388,
              53.5942852
            ]
          ]
        ]
      },
      "properties": {
        "id": "a32b230e-94be-401f-a4b0-f876e6ed29a7",
        "source_type": "ml",
        "height": "",
        "num_floors": "",
        "class": "",
        "name": ""
      }
    },
    {
      "type": "Feature",
      "geometry": {
        "type": "Polygon",
        "coordinates": [
          [
            [
              49.2794639,
              53.5944455
            ],
            [
              49.2795309,
              53.5944439
            ],
            [
              49.2795335,
              53.5944821
            ],
            [
              49.279504,
              53.5944828
            ],
            [
              49.2795061,
              53.594513
            ],
            [
              49.2794311,
              53.5945148
            ],
            [
              49.2794284,
              53.5944751
            ],
            [
              49.2794659,
              53.5944742
            ],
            [
              49.2794639,
              53.5944455
            ]
          ]
        ]
      },
      "properties": {
        "id": "ad528c70-8e01-4f62-afe9-6512911bdec5",
        "source_type": "ml",
        "height": "",
        "num_floors": "",
        "class": "",
        "name": ""
      }
    },
    {
      "type": "Feature",
      "geometry": {
        "type": "Polygon",
        "coordinates": [
          [
            [
              49.2794008,
              53.594553
            ],
            [
              49.2795283,
              53.5945397
            ],
            [
              49.2795439,
              53.5945922
            ],
            [
              49.2794633,
              53.5946006
            ],
            [
              49.2794561,
              53.5945767
            ],
            [
              49.2794093,
              53.5945816
            ],
            [
              49.2794008,
              53.594553
            ]
          ]
        ]
      },
      "properties": {
        "id": "21a7196b-25b5-4b7f-a7dc-951477f6cbb5",
        "source_type": "ml",
        "height": "",
        "num_floors": "",
        "class": "",
        "name": ""
      }
    },
    {
      "type": "Feature",
      "geometry": {
        "type": "Polygon",
        "coordinates": [
          [
            [
              49.2795369,
              53.5943291
            ],
            [
              49.2795232,
              53.5942852
            ],
            [
              49.2795621,
              53.5942809
            ],
            [
              49.2795758,
              53.5943248
            ],
            [
              49.2795369,
              53.5943291
            ]
          ]
        ]
      },
      "properties": {
        "id": "b42b8aea-fd46-44b3-9dd9-e66deb398407",
        "source_type": "ml",
        "height": "",
        "num_floors": "",
        "class": "",
        "name": ""
      }
    },
    {
      "type": "Feature",
      "geometry": {
        "type": "Polygon",
        "coordinates": [
          [
            [
              49.2796426,
              53.594132
            ],
            [
              49.2796491,
              53.5941763
            ],
            [
              49.2796092,
              53.5941784
            ],
            [
              49.2796026,
              53.5941341
            ],
            [
              49.2796426,
              53.594132
            ]
          ]
        ]
      },
      "properties": {
        "id": "7933733a-1a95-4ce2-a712-547c8750e43a",
        "source_type": "ml",
        "height": "",
        "num_floors": "",
        "class": "",
        "name": ""
      }
    },
    {
      "type": "Feature",
      "geometry": {
        "type": "Polygon",
        "coordinates": [
          [
            [
              49.2796763,
              53.5942606
            ],
            [
              49.2797006,
              53.5943096
            ],
            [
              49.2796513,
              53.5943182
            ],
            [
              49.2796269,
              53.5942692
            ],
            [
              49.2796763,
              53.5942606
            ]
          ]
        ]
      },
      "properties": {
        "id": "7e07c22e-cc9c-4032-816e-ddb1d45a6c08",
        "source_type": "ml",
        "height": "",
        "num_floors": "",
        "class": "",
        "name": ""
      }
    },
    {
      "type": "Feature",
      "geometry": {
        "type": "Polygon",
        "coordinates": [
          [
            [
              49.2797216,
              53.5943726
            ],
            [
              49.2797346,
              53.5944223
            ],
            [
              49.2796796,
              53.5944274
            ],
            [
              49.2796666,
              53.5943776
            ],
            [
              49.2797216,
              53.5943726
            ]
          ]
        ]
      },
      "properties": {
        "id": "45cce224-cef6-46fd-ac41-0706cb8b01de",
        "source_type": "ml",
        "height": "",
        "num_floors": "",
        "class": "",
        "name": ""
      }
    },
    {
      "type": "Feature",
      "geometry": {
        "type": "Polygon",
        "coordinates": [
          [
            [
              49.2796318,
              53.5946928
            ],
            [
              49.2796226,
              53.5946384
            ],
            [
              49.2796719,
              53.5946354
            ],
            [
              49.2796811,
              53.5946898
            ],
            [
              49.2796318,
              53.5946928
            ]
          ]
        ]
      },
      "properties": {
        "id": "e9f425da-acb6-4fd2-ad2a-7dc6a8029cbb",
        "source_type": "ml",
        "height": "",
        "num_floors": "",
        "class": "",
        "name": ""
      }
    },
    {
      "type": "Feature",
      "geometry": {
        "type": "Polygon",
        "coordinates": [
          [
            [
              49.2799122,
              53.5946961
            ],
            [
              49.279917,
              53.5947228
            ],
            [
              49.2798374,
              53.5947279
            ],
            [
              49.2798326,
              53.5947011
            ],
            [
              49.2799122,
              53.5946961
            ]
          ]
        ]
      },
      "properties": {
        "id": "b0b005b6-391f-4e6a-9580-9baefd684649",
        "source_type": "ml",
        "height": "",
        "num_floors": "",
        "class": "",
        "name": ""
      }
    },
    {
      "type": "Feature",
      "geometry": {
        "type": "Polygon",
        "coordinates": [
          [
            [
              49.2798346,
              53.5942511
            ],
            [
              49.2798371,
              53.5943099
            ],
            [
              49.279785,
              53.5943107
            ],
            [
              49.2797825,
              53.5942518
            ],
            [
              49.2798346,
              53.5942511
            ]
          ]
        ]
      },
      "properties": {
        "id": "48165543-6328-48fa-a28d-1e17ca45bc4e",
        "source_type": "ml",
        "height": "",
        "num_floors": "",
        "class": "",
        "name": ""
      }
    },
    {
      "type": "Feature",
      "geometry": {
        "type": "Polygon",
        "coordinates": [
          [
            [
              49.2796202,
              53.5940049
            ],
            [
              49.279671,
              53.5939978
            ],
            [
              49.2796875,
              53.5940392
            ],
            [
              49.2796367,
              53.5940464
            ],
            [
              49.2796202,
              53.5940049
            ]
          ]
        ]
      },
      "properties": {
        "id": "18e82da3-7246-4952-a722-46213e6c8aae",
        "source_type": "ml",
        "height": "",
        "num_floors": "",
        "class": "",
        "name": ""
      }
    },
    {
      "type": "Feature",
      "geometry": {
        "type": "Polygon",
        "coordinates": [
          [
            [
              49.2797142,
              53.5937578
            ],
            [
              49.2797208,
              53.5938029
            ],
            [
              49.2796302,
              53.5938075
            ],
            [
              49.2796237,
              53.5937625
            ],
            [
              49.2797142,
              53.5937578
            ]
          ]
        ]
      },
      "properties": {
        "id": "02a60f27-f17f-4c92-a70d-c94fd67c3fad",
        "source_type": "ml",
        "height": "",
        "num_floors": "",
        "class": "",
        "name": ""
      }
    },
    {
      "type": "Feature",
      "geometry": {
        "type": "Polygon",
        "coordinates": [
          [
            [
              49.2796685,
              53.5935889
            ],
            [
              49.2796732,
              53.5936172
            ],
            [
              49.2795802,
              53.5936227
            ],
            [
              49.2795755,
              53.5935943
            ],
            [
              49.2796685,
              53.5935889
            ]
          ]
        ]
      },
      "properties": {
        "id": "aeb265bf-3ece-46bc-80b2-afc044251fdb",
        "source_type": "ml",
        "height": "",
        "num_floors": "",
        "class": "",
        "name": ""
      }
    },
    {
      "type": "Feature",
      "geometry": {
        "type": "Polygon",
        "coordinates": [
          [
            [
              49.2795863,
              53.5935166
            ],
            [
              49.2795651,
              53.5934597
            ],
            [
              49.2796122,
              53.5934535
            ],
            [
              49.2796334,
              53.5935105
            ],
            [
              49.2795863,
              53.5935166
            ]
          ]
        ]
      },
      "properties": {
        "id": "c39227da-e618-4172-b6de-5814fe510919",
        "source_type": "ml",
        "height": "",
        "num_floors": "",
        "class": "",
        "name": ""
      }
    },
    {
      "type": "Feature",
      "geometry": {
        "type": "Polygon",
        "coordinates": [
          [
            [
              49.2796158,
              53.5934427
            ],
            [
              49.2796059,
              53.5933868
            ],
            [
              49.2796971,
              53.593381
            ],
            [
              49.2797071,
              53.593437
            ],
            [
              49.2796158,
              53.5934427
            ]
          ]
        ]
      },
      "properties": {
        "id": "62ba1304-bf39-491d-b126-a5a6c53768b8",
        "source_type": "ml",
        "height": "",
        "num_floors": "",
        "class": "",
        "name": ""
      }
    },
    {
      "type": "Feature",
      "geometry": {
        "type": "Polygon",
        "coordinates": [
          [
            [
              49.2799455,
              53.5933994
            ],
            [
              49.2799324,
              53.5933522
            ],
            [
              49.2800055,
              53.593345
            ],
            [
              49.2800186,
              53.5933923
            ],
            [
              49.2799455,
              53.5933994
            ]
          ]
        ]
      },
      "properties": {
        "id": "28bf37c6-cfa8-4a5c-bbc5-5a6551349af9",
        "source_type": "ml",
        "height": "",
        "num_floors": "",
        "class": "",
        "name": ""
      }
    },
    {
      "type": "Feature",
      "geometry": {
        "type": "Polygon",
        "coordinates": [
          [
            [
              49.2799831,
              53.5935607
            ],
            [
              49.2799749,
              53.5935192
            ],
            [
              49.2800448,
              53.5935143
            ],
            [
              49.2800529,
              53.5935559
            ],
            [
              49.2799831,
              53.5935607
            ]
          ]
        ]
      },
      "properties": {
        "id": "24fa72a6-dccb-4f88-963c-ab38d1f9315a",
        "source_type": "ml",
        "height": "",
        "num_floors": "",
        "class": "",
        "name": ""
      }
    },
    {
      "type": "Feature",
      "geometry": {
        "type": "Polygon",
        "coordinates": [
          [
            [
              49.2798793,
              53.594871
            ],
            [
              49.27997,
              53.5948671
            ],
            [
              49.2799778,
              53.5949305
            ],
            [
              49.2798871,
              53.5949344
            ],
            [
              49.2798793,
              53.594871
            ]
          ]
        ]
      },
      "properties": {
        "id": "40b80ca3-b7f6-4014-96a8-18a5badb0a4a",
        "source_type": "ml",
        "height": "",
        "num_floors": "",
        "class": "",
        "name": ""
      }
    },
    {
      "type": "Feature",
      "geometry": {
        "type": "Polygon",
        "coordinates": [
          [
            [
              49.2798788,
              53.5948029
            ],
            [
              49.2799475,
              53.5947951
            ],
            [
              49.2799609,
              53.5948366
            ],
            [
              49.2798922,
              53.5948444
            ],
            [
              49.2798788,
              53.5948029
            ]
          ]
        ]
      },
      "properties": {
        "id": "412acd97-4dc5-46b5-a917-dde1a4af1d4f",
        "source_type": "ml",
        "height": "",
        "num_floors": "",
        "class": "",
        "name": ""
      }
    },
    {
      "type": "Feature",
      "geometry": {
        "type": "Polygon",
        "coordinates": [
          [
            [
              49.2799509,
              53.5951083
            ],
            [
              49.2799415,
              53.5950596
            ],
            [
              49.2799971,
              53.5950558
            ],
            [
              49.2800065,
              53.5951045
            ],
            [
              49.2799509,
              53.5951083
            ]
          ]
        ]
      },
      "properties": {
        "id": "cd2e28fb-741f-4541-88c2-4252996bbee0",
        "source_type": "ml",
        "height": "",
        "num_floors": "",
        "class": "",
        "name": ""
      }
    },
    {
      "type": "Feature",
      "geometry": {
        "type": "Polygon",
        "coordinates": [
          [
            [
              49.279893,
              53.5951889
            ],
            [
              49.2799626,
              53.5951874
            ],
            [
              49.2799644,
              53.5952176
            ],
            [
              49.2798948,
              53.5952191
            ],
            [
              49.279893,
              53.5951889
            ]
          ]
        ]
      },
      "properties": {
        "id": "dc2a6595-29fc-4cb9-9e47-64ebc2f815d6",
        "source_type": "ml",
        "height": "",
        "num_floors": "",
        "class": "",
        "name": ""
      }
    },
    {
      "type": "Feature",
      "geometry": {
        "type": "Polygon",
        "coordinates": [
          [
            [
              49.2799557,
              53.5953594
            ],
            [
              49.2800146,
              53.595358
            ],
            [
              49.2800184,
              53.5954128
            ],
            [
              49.2799595,
              53.5954142
            ],
            [
              49.2799557,
              53.5953594
            ]
          ]
        ]
      },
      "properties": {
        "id": "d6723a37-7e72-41e8-ae8a-5509da5753ca",
        "source_type": "ml",
        "height": "",
        "num_floors": "",
        "class": "",
        "name": ""
      }
    },
    {
      "type": "Feature",
      "geometry": {
        "type": "Polygon",
        "coordinates": [
          [
            [
              49.2799798,
              53.5952249
            ],
            [
              49.2799745,
              53.5951845
            ],
            [
              49.2800145,
              53.5951826
            ],
            [
              49.2800198,
              53.595223
            ],
            [
              49.2799798,
              53.5952249
            ]
          ]
        ]
      },
      "properties": {
        "id": "46e4a4ff-0acc-42af-bf61-bfa0f3466632",
        "source_type": "ml",
        "height": "",
        "num_floors": "",
        "class": "",
        "name": ""
      }
    },
    {
      "type": "Feature",
      "geometry": {
        "type": "Polygon",
        "coordinates": [
          [
            [
              49.2796888,
              53.5954165
            ],
            [
              49.2796806,
              53.5953612
            ],
            [
              49.2797844,
              53.5953557
            ],
            [
              49.2797926,
              53.595411
            ],
            [
              49.2796888,
              53.5954165
            ]
          ]
        ]
      },
      "properties": {
        "id": "322e59a0-273b-4b97-86f9-81d81e840bbb",
        "source_type": "ml",
        "height": "",
        "num_floors": "",
        "class": "",
        "name": ""
      }
    },
    {
      "type": "Feature",
      "geometry": {
        "type": "Polygon",
        "coordinates": [
          [
            [
              49.2798845,
              53.5949956
            ],
            [
              49.2798992,
              53.5950499
            ],
            [
              49.2798259,
              53.5950568
            ],
            [
              49.2798113,
              53.5950025
            ],
            [
              49.2798845,
              53.5949956
            ]
          ]
        ]
      },
      "properties": {
        "id": "5d488fb9-47cc-4137-b34a-880264e16959",
        "source_type": "ml",
        "height": "",
        "num_floors": "",
        "class": "",
        "name": ""
      }
    },
    {
      "type": "Feature",
      "geometry": {
        "type": "Polygon",
        "coordinates": [
          [
            [
              49.2796539,
              53.5949459
            ],
            [
              49.2796443,
              53.5949086
            ],
            [
              49.2796927,
              53.5949042
            ],
            [
              49.2797023,
              53.5949416
            ],
            [
              49.2796539,
              53.5949459
            ]
          ]
        ]
      },
      "properties": {
        "id": "b81a8ad7-894a-4856-b1a2-64285d74a0e3",
        "source_type": "ml",
        "height": "",
        "num_floors": "",
        "class": "",
        "name": ""
      }
    },
    {
      "type": "Feature",
      "geometry": {
        "type": "Polygon",
        "coordinates": [
          [
            [
              49.2796569,
              53.5949917
            ],
            [
              49.2796614,
              53.5950576
            ],
            [
              49.2795838,
              53.5950595
            ],
            [
              49.2795793,
              53.5949935
            ],
            [
              49.2796569,
              53.5949917
            ]
          ]
        ]
      },
      "properties": {
        "id": "23d61f75-fd1f-4956-bc0b-6ac6317df8cb",
        "source_type": "ml",
        "height": "",
        "num_floors": "",
        "class": "",
        "name": ""
      }
    },
    {
      "type": "Feature",
      "geometry": {
        "type": "Polygon",
        "coordinates": [
          [
            [
              49.2796324,
              53.5952065
            ],
            [
              49.2797092,
              53.5952012
            ],
            [
              49.2797172,
              53.595242
            ],
            [
              49.2796404,
              53.5952473
            ],
            [
              49.2796324,
              53.5952065
            ]
          ]
        ]
      },
      "properties": {
        "id": "eefed6e7-433b-4551-9b03-085343113f8b",
        "source_type": "ml",
        "height": "",
        "num_floors": "",
        "class": "",
        "name": ""
      }
    },
    {
      "type": "Feature",
      "geometry": {
        "type": "Polygon",
        "coordinates": [
          [
            [
              49.2795434,
              53.5948819
            ],
            [
              49.2795334,
              53.5948495
            ],
            [
              49.2796086,
              53.5948413
            ],
            [
              49.2796186,
              53.5948737
            ],
            [
              49.2795434,
              53.5948819
            ]
          ]
        ]
      },
      "properties": {
        "id": "3efd1343-9500-4bb4-849b-381484357b11",
        "source_type": "ml",
        "height": "",
        "num_floors": "",
        "class": "",
        "name": ""
      }
    },
    {
      "type": "Feature",
      "geometry": {
        "type": "Polygon",
        "coordinates": [
          [
            [
              49.2780061,
              53.5955124
            ],
            [
              49.27814,
              53.5955008
            ],
            [
              49.2781592,
              53.5955787
            ],
            [
              49.2780253,
              53.5955904
            ],
            [
              49.2780061,
              53.5955124
            ]
          ]
        ]
      },
      "properties": {
        "id": "9a6d987f-c9d9-4de8-8c6c-303ad2b89ab8",
        "source_type": "ml",
        "height": "",
        "num_floors": "",
        "class": "",
        "name": ""
      }
    },
    {
      "type": "Feature",
      "geometry": {
        "type": "Polygon",
        "coordinates": [
          [
            [
              49.2776055,
              53.5953068
            ],
            [
              49.277643,
              53.5953056
            ],
            [
              49.2776485,
              53.5953659
            ],
            [
              49.277611,
              53.5953671
            ],
            [
              49.2776055,
              53.5953068
            ]
          ]
        ]
      },
      "properties": {
        "id": "fa7c5984-533e-47e8-843a-e92d8d266d69",
        "source_type": "ml",
        "height": "",
        "num_floors": "",
        "class": "",
        "name": ""
      }
    },
    {
      "type": "Feature",
      "geometry": {
        "type": "Polygon",
        "coordinates": [
          [
            [
              49.2776676,
              53.5953574
            ],
            [
              49.2776627,
              53.5953019
            ],
            [
              49.2777135,
              53.5953003
            ],
            [
              49.2777184,
              53.5953558
            ],
            [
              49.2776676,
              53.5953574
            ]
          ]
        ]
      },
      "properties": {
        "id": "0398e9ea-827b-4d67-898d-af12bd7aa100",
        "source_type": "ml",
        "height": "",
        "num_floors": "",
        "class": "",
        "name": ""
      }
    },
    {
      "type": "Feature",
      "geometry": {
        "type": "Polygon",
        "coordinates": [
          [
            [
              49.2778121,
              53.5948413
            ],
            [
              49.2779024,
              53.5948358
            ],
            [
              49.2779094,
              53.5948768
            ],
            [
              49.2778191,
              53.5948822
            ],
            [
              49.2778121,
              53.5948413
            ]
          ]
        ]
      },
      "properties": {
        "id": "88bd746d-232e-4adc-b7d0-963e8725c270",
        "source_type": "ml",
        "height": "",
        "num_floors": "",
        "class": "",
        "name": ""
      }
    },
    {
      "type": "Feature",
      "geometry": {
        "type": "Polygon",
        "coordinates": [
          [
            [
              49.2778817,
              53.5951205
            ],
            [
              49.2778763,
              53.5950899
            ],
            [
              49.2779439,
              53.5950857
            ],
            [
              49.2779493,
              53.5951164
            ],
            [
              49.2778817,
              53.5951205
            ]
          ]
        ]
      },
      "properties": {
        "id": "e9f672b5-2064-473f-a426-d97c8879c0c8",
        "source_type": "ml",
        "height": "",
        "num_floors": "",
        "class": "",
        "name": ""
      }
    },
    {
      "type": "Feature",
      "geometry": {
        "type": "Polygon",
        "coordinates": [
          [
            [
              49.2779456,
              53.5949532
            ],
            [
              49.2779732,
              53.5950695
            ],
            [
              49.2778706,
              53.5950781
            ],
            [
              49.277843,
              53.5949617
            ],
            [
              49.2779456,
              53.5949532
            ]
          ]
        ]
      },
      "properties": {
        "id": "31ce55a1-e959-4bba-a28a-87918184897a",
        "source_type": "ml",
        "height": "",
        "num_floors": "",
        "class": "",
        "name": ""
      }
    },
    {
      "type": "Feature",
      "geometry": {
        "type": "Polygon",
        "coordinates": [
          [
            [
              49.2780058,
              53.5953551
            ],
            [
              49.2780171,
              53.5954133
            ],
            [
              49.277951,
              53.5954178
            ],
            [
              49.2779396,
              53.5953597
            ],
            [
              49.2780058,
              53.5953551
            ]
          ]
        ]
      },
      "properties": {
        "id": "317cb79c-599c-4c76-8408-bb199d24d832",
        "source_type": "ml",
        "height": "",
        "num_floors": "",
        "class": "",
        "name": ""
      }
    },
    {
      "type": "Feature",
      "geometry": {
        "type": "Polygon",
        "coordinates": [
          [
            [
              49.2780008,
              53.5945821
            ],
            [
              49.2779979,
              53.5945376
            ],
            [
              49.2780756,
              53.5945358
            ],
            [
              49.2780784,
              53.5945803
            ],
            [
              49.2780008,
              53.5945821
            ]
          ]
        ]
      },
      "properties": {
        "id": "a737ccff-08b6-470a-9f90-925c34e097bd",
        "source_type": "ml",
        "height": "",
        "num_floors": "",
        "class": "",
        "name": ""
      }
    },
    {
      "type": "Feature",
      "geometry": {
        "type": "Polygon",
        "coordinates": [
          [
            [
              49.2780171,
              53.5947098
            ],
            [
              49.2780269,
              53.5947511
            ],
            [
              49.2779848,
              53.5947546
            ],
            [
              49.277975,
              53.5947133
            ],
            [
              49.2780171,
              53.5947098
            ]
          ]
        ]
      },
      "properties": {
        "id": "3bfd1adb-9ad7-4998-a14d-4271ff14dce4",
        "source_type": "ml",
        "height": "",
        "num_floors": "",
        "class": "",
        "name": ""
      }
    },
    {
      "type": "Feature",
      "geometry": {
        "type": "Polygon",
        "coordinates": [
          [
            [
              49.2780091,
              53.5943192
            ],
            [
              49.2780036,
              53.5942781
            ],
            [
              49.2780382,
              53.5942764
            ],
            [
              49.2780438,
              53.5943175
            ],
            [
              49.2780091,
              53.5943192
            ]
          ]
        ]
      },
      "properties": {
        "id": "2659fa3e-d2a3-44eb-aae2-5cf8170e909c",
        "source_type": "ml",
        "height": "",
        "num_floors": "",
        "class": "",
        "name": ""
      }
    },
    {
      "type": "Feature",
      "geometry": {
        "type": "Polygon",
        "coordinates": [
          [
            [
              49.2780968,
              53.5943914
            ],
            [
              49.2781161,
              53.5945008
            ],
            [
              49.2779782,
              53.5945094
            ],
            [
              49.2779687,
              53.5944559
            ],
            [
              49.2780471,
              53.594451
            ],
            [
              49.2780375,
              53.5943966
            ],
            [
              49.2780918,
              53.5943933
            ],
            [
              49.278089,
              53.5943775
            ],
            [
              49.2781527,
              53.5943736
            ],
            [
              49.2781552,
              53.5943877
            ],
            [
              49.2780968,
              53.5943914
            ]
          ]
        ]
      },
      "properties": {
        "id": "3119928b-0247-42f5-8e16-77d444f5531f",
        "source_type": "ml",
        "height": "",
        "num_floors": "",
        "class": "",
        "name": ""
      }
    },
    {
      "type": "Feature",
      "geometry": {
        "type": "Polygon",
        "coordinates": [
          [
            [
              49.2779684,
              53.593957
            ],
            [
              49.2779627,
              53.593936
            ],
            [
              49.2780386,
              53.5939288
            ],
            [
              49.2780442,
              53.5939498
            ],
            [
              49.2779684,
              53.593957
            ]
          ]
        ]
      },
      "properties": {
        "id": "4582f481-7c96-411c-b016-29eb56f4ac05",
        "source_type": "ml",
        "height": "",
        "num_floors": "",
        "class": "",
        "name": ""
      }
    },
    {
      "type": "Feature",
      "geometry": {
        "type": "Polygon",
        "coordinates": [
          [
            [
              49.2780489,
              53.5939108
            ],
            [
              49.2780275,
              53.5938348
            ],
            [
              49.2781292,
              53.5938247
            ],
            [
              49.2781506,
              53.5939007
            ],
            [
              49.2780489,
              53.5939108
            ]
          ]
        ]
      },
      "properties": {
        "id": "b34bb9e4-0842-464b-b338-b030feac977d",
        "source_type": "my",
        "height": "",
        "num_floors": "2",
        "class": "house",
        "name": ""
      }
    },
    {
      "type": "Feature",
      "geometry": {
        "type": "Polygon",
        "coordinates": [
          [
            [
              49.2781016,
              53.5937322
            ],
            [
              49.2780254,
              53.5937405
            ],
            [
              49.2780097,
              53.59369
            ],
            [
              49.278086,
              53.5936817
            ],
            [
              49.2781016,
              53.5937322
            ]
          ]
        ]
      },
      "properties": {
        "id": "ede2692f-d091-4657-8d77-d1cbcd2d7dba",
        "source_type": "osm",
        "height": "",
        "num_floors": "1",
        "class": "house",
        "name": ""
      }
    },
    {
      "type": "Feature",
      "geometry": {
        "type": "Polygon",
        "coordinates": [
          [
            [
              49.2779951,
              53.5936888
            ],
            [
              49.2779782,
              53.5936268
            ],
            [
              49.2780095,
              53.5936238
            ],
            [
              49.2780265,
              53.5936858
            ],
            [
              49.2779951,
              53.5936888
            ]
          ]
        ]
      },
      "properties": {
        "id": "e89db591-4f9f-4ce2-a64b-22874502217f",
        "source_type": "ml",
        "height": "",
        "num_floors": "",
        "class": "",
        "name": ""
      }
    },
    {
      "type": "Feature",
      "geometry": {
        "type": "Polygon",
        "coordinates": [
          [
            [
              49.2780543,
              53.593579
            ],
            [
              49.277878,
              53.5935957
            ],
            [
              49.2778618,
              53.5935356
            ],
            [
              49.2780381,
              53.5935188
            ],
            [
              49.2780543,
              53.593579
            ]
          ]
        ]
      },
      "properties": {
        "id": "5671016f-ad55-4382-b5d1-343f20ebb2b4",
        "source_type": "my",
        "height": "",
        "num_floors": "1",
        "class": "house",
        "name": ""
      }
    },
    {
      "type": "Feature",
      "geometry": {
        "type": "Polygon",
        "coordinates": [
          [
            [
              49.2778756,
              53.593701
            ],
            [
              49.2778573,
              53.5936458
            ],
            [
              49.2778909,
              53.5936419
            ],
            [
              49.2779092,
              53.5936971
            ],
            [
              49.2778756,
              53.593701
            ]
          ]
        ]
      },
      "properties": {
        "id": "3002afc5-2d8c-4cb1-acb8-0ea5ce90e0af",
        "source_type": "ml",
        "height": "",
        "num_floors": "",
        "class": "",
        "name": ""
      }
    },
    {
      "type": "Feature",
      "geometry": {
        "type": "Polygon",
        "coordinates": [
          [
            [
              49.2779548,
              53.5939251
            ],
            [
              49.2779652,
              53.5939745
            ],
            [
              49.2779192,
              53.5939779
            ],
            [
              49.2779088,
              53.5939285
            ],
            [
              49.2779548,
              53.5939251
            ]
          ]
        ]
      },
      "properties": {
        "id": "d05ce708-d5cd-4b3f-825a-0711119d8307",
        "source_type": "ml",
        "height": "",
        "num_floors": "",
        "class": "",
        "name": ""
      }
    },
    {
      "type": "Feature",
      "geometry": {
        "type": "Polygon",
        "coordinates": [
          [
            [
              49.2777792,
              53.5939097
            ],
            [
              49.2777919,
              53.5939628
            ],
            [
              49.2777498,
              53.5939663
            ],
            [
              49.2777371,
              53.5939133
            ],
            [
              49.2777792,
              53.5939097
            ]
          ]
        ]
      },
      "properties": {
        "id": "c9e59e0d-391f-48b4-8af7-d38eb6ec85c8",
        "source_type": "ml",
        "height": "",
        "num_floors": "",
        "class": "",
        "name": ""
      }
    },
    {
      "type": "Feature",
      "geometry": {
        "type": "Polygon",
        "coordinates": [
          [
            [
              49.2778351,
              53.5935184
            ],
            [
              49.277858,
              53.5936201
            ],
            [
              49.2778027,
              53.5936244
            ],
            [
              49.2777798,
              53.5935228
            ],
            [
              49.2778351,
              53.5935184
            ]
          ]
        ]
      },
      "properties": {
        "id": "5ef6ac1e-0c62-4ca4-8cba-9c41994ff499",
        "source_type": "ml",
        "height": "",
        "num_floors": "",
        "class": "",
        "name": ""
      }
    },
    {
      "type": "Feature",
      "geometry": {
        "type": "Polygon",
        "coordinates": [
          [
            [
              49.2776339,
              53.5936521
            ],
            [
              49.2776754,
              53.5937195
            ],
            [
              49.2776471,
              53.5937256
            ],
            [
              49.2776055,
              53.5936582
            ],
            [
              49.2776339,
              53.5936521
            ]
          ]
        ]
      },
      "properties": {
        "id": "3bd8f1ca-afd3-446b-b62b-549d449683af",
        "source_type": "ml",
        "height": "",
        "num_floors": "",
        "class": "",
        "name": ""
      }
    },
    {
      "type": "Feature",
      "geometry": {
        "type": "Polygon",
        "coordinates": [
          [
            [
              49.277539,
              53.5939568
            ],
            [
              49.2776214,
              53.5939487
            ],
            [
              49.2776298,
              53.5939789
            ],
            [
              49.2775474,
              53.593987
            ],
            [
              49.277539,
              53.5939568
            ]
          ]
        ]
      },
      "properties": {
        "id": "6ecd221b-7ddc-4135-9d52-2e7cf9ccd309",
        "source_type": "ml",
        "height": "",
        "num_floors": "",
        "class": "",
        "name": ""
      }
    },
    {
      "type": "Feature",
      "geometry": {
        "type": "Polygon",
        "coordinates": [
          [
            [
              49.2777074,
              53.5945201
            ],
            [
              49.2777063,
              53.5944883
            ],
            [
              49.2777935,
              53.5944871
            ],
            [
              49.2777947,
              53.594519
            ],
            [
              49.2777074,
              53.5945201
            ]
          ]
        ]
      },
      "properties": {
        "id": "ed65d0d2-ef6e-4568-a5a7-65c0f557f4a7",
        "source_type": "ml",
        "height": "",
        "num_floors": "",
        "class": "",
        "name": ""
      }
    },
    {
      "type": "Feature",
      "geometry": {
        "type": "Polygon",
        "coordinates": [
          [
            [
              49.2777511,
              53.5947299
            ],
            [
              49.277732,
              53.5946759
            ],
            [
              49.2778334,
              53.5946632
            ],
            [
              49.2778525,
              53.5947173
            ],
            [
              49.2777511,
              53.5947299
            ]
          ]
        ]
      },
      "properties": {
        "id": "61eaecd1-8eef-4883-ad5e-fc1475fb27ad",
        "source_type": "ml",
        "height": "",
        "num_floors": "",
        "class": "",
        "name": ""
      }
    },
    {
      "type": "Feature",
      "geometry": {
        "type": "Polygon",
        "coordinates": [
          [
            [
              49.2774938,
              53.5945901
            ],
            [
              49.2775103,
              53.5946424
            ],
            [
              49.2774766,
              53.5946462
            ],
            [
              49.2774601,
              53.5945939
            ],
            [
              49.2774938,
              53.5945901
            ]
          ]
        ]
      },
      "properties": {
        "id": "864df480-e701-4bf4-b556-053f6316300b",
        "source_type": "ml",
        "height": "",
        "num_floors": "",
        "class": "",
        "name": ""
      }
    },
    {
      "type": "Feature",
      "geometry": {
        "type": "Polygon",
        "coordinates": [
          [
            [
              49.27736,
              53.5947864
            ],
            [
              49.2774205,
              53.5947857
            ],
            [
              49.2774202,
              53.5947755
            ],
            [
              49.2774857,
              53.5947747
            ],
            [
              49.2774876,
              53.594832
            ],
            [
              49.2773616,
              53.5948334
            ],
            [
              49.27736,
              53.5947864
            ]
          ]
        ]
      },
      "properties": {
        "id": "5a23e508-63f7-4a11-9b99-d04600dbeba8",
        "source_type": "ml",
        "height": "",
        "num_floors": "",
        "class": "",
        "name": ""
      }
    },
    {
      "type": "Feature",
      "geometry": {
        "type": "Polygon",
        "coordinates": [
          [
            [
              49.2773019,
              53.5946616
            ],
            [
              49.277292,
              53.5946081
            ],
            [
              49.2773265,
              53.5946058
            ],
            [
              49.2773364,
              53.5946593
            ],
            [
              49.2773019,
              53.5946616
            ]
          ]
        ]
      },
      "properties": {
        "id": "263e87fb-884f-4a7e-b981-a9900c7fb95b",
        "source_type": "ml",
        "height": "",
        "num_floors": "",
        "class": "",
        "name": ""
      }
    },
    {
      "type": "Feature",
      "geometry": {
        "type": "Polygon",
        "coordinates": [
          [
            [
              49.2775034,
              53.5938021
            ],
            [
              49.2774218,
              53.593811
            ],
            [
              49.2774015,
              53.5937458
            ],
            [
              49.2774831,
              53.5937368
            ],
            [
              49.2775034,
              53.5938021
            ]
          ]
        ]
      },
      "properties": {
        "id": "207e8166-c918-4633-8ebb-a48a301a21ee",
        "source_type": "osm",
        "height": "",
        "num_floors": "1",
        "class": "house",
        "name": ""
      }
    },
    {
      "type": "Feature",
      "geometry": {
        "type": "Polygon",
        "coordinates": [
          [
            [
              49.2773903,
              53.5934584
            ],
            [
              49.2773828,
              53.593415
            ],
            [
              49.2774597,
              53.5934103
            ],
            [
              49.2774673,
              53.5934537
            ],
            [
              49.2773903,
              53.5934584
            ]
          ]
        ]
      },
      "properties": {
        "id": "87b0c5cd-8a26-4b83-9ecc-dadeedda9a0a",
        "source_type": "ml",
        "height": "",
        "num_floors": "",
        "class": "",
        "name": ""
      }
    },
    {
      "type": "Feature",
      "geometry": {
        "type": "Polygon",
        "coordinates": [
          [
            [
              49.2774717,
              53.593621
            ],
            [
              49.2773648,
              53.5936338
            ],
            [
              49.2773491,
              53.5935873
            ],
            [
              49.277456,
              53.5935746
            ],
            [
              49.2774717,
              53.593621
            ]
          ]
        ]
      },
      "properties": {
        "id": "6615c5a0-b281-4234-8a90-0a3e997d3e56",
        "source_type": "osm",
        "height": "",
        "num_floors": "2",
        "class": "house",
        "name": ""
      }
    },
    {
      "type": "Feature",
      "geometry": {
        "type": "Polygon",
        "coordinates": [
          [
            [
              49.2771116,
              53.5935986
            ],
            [
              49.2770969,
              53.5935516
            ],
            [
              49.2771343,
              53.5935475
            ],
            [
              49.277149,
              53.5935945
            ],
            [
              49.2771116,
              53.5935986
            ]
          ]
        ]
      },
      "properties": {
        "id": "23538128-100d-4624-8274-861915d2d1ee",
        "source_type": "ml",
        "height": "",
        "num_floors": "",
        "class": "",
        "name": ""
      }
    },
    {
      "type": "Feature",
      "geometry": {
        "type": "Polygon",
        "coordinates": [
          [
            [
              49.2771649,
              53.5934693
            ],
            [
              49.2770809,
              53.5934785
            ],
            [
              49.277059,
              53.5934075
            ],
            [
              49.277143,
              53.5933984
            ],
            [
              49.2771649,
              53.5934693
            ]
          ]
        ]
      },
      "properties": {
        "id": "c0c90e8d-7066-4e4f-a4e1-ea2ec17d0c14",
        "source_type": "osm",
        "height": "",
        "num_floors": "2",
        "class": "house",
        "name": ""
      }
    },
    {
      "type": "Feature",
      "geometry": {
        "type": "Polygon",
        "coordinates": [
          [
            [
              49.2771105,
              53.5939898
            ],
            [
              49.2771089,
              53.5940414
            ],
            [
              49.2770526,
              53.5940407
            ],
            [
              49.2770542,
              53.5939891
            ],
            [
              49.2771105,
              53.5939898
            ]
          ]
        ]
      },
      "properties": {
        "id": "4105e274-00ab-411a-8df8-4eb19ae64cd7",
        "source_type": "ml",
        "height": "",
        "num_floors": "",
        "class": "",
        "name": ""
      }
    },
    {
      "type": "Feature",
      "geometry": {
        "type": "Polygon",
        "coordinates": [
          [
            [
              49.2770505,
              53.5940347
            ],
            [
              49.2770568,
              53.594058
            ],
            [
              49.2769835,
              53.5940649
            ],
            [
              49.2769773,
              53.5940416
            ],
            [
              49.2770505,
              53.5940347
            ]
          ]
        ]
      },
      "properties": {
        "id": "6ca37992-d46c-4508-a7c7-b668fe0de260",
        "source_type": "ml",
        "height": "",
        "num_floors": "",
        "class": "",
        "name": ""
      }
    },
    {
      "type": "Feature",
      "geometry": {
        "type": "Polygon",
        "coordinates": [
          [
            [
              49.2770648,
              53.5940698
            ],
            [
              49.2770739,
              53.5941121
            ],
            [
              49.2769842,
              53.5941189
            ],
            [
              49.2769751,
              53.5940766
            ],
            [
              49.2770648,
              53.5940698
            ]
          ]
        ]
      },
      "properties": {
        "id": "97b0db8a-d1bc-43a2-b0d6-f407192e1a04",
        "source_type": "ml",
        "height": "",
        "num_floors": "",
        "class": "",
        "name": ""
      }
    },
    {
      "type": "Feature",
      "geometry": {
        "type": "Polygon",
        "coordinates": [
          [
            [
              49.2770885,
              53.5943259
            ],
            [
              49.2770858,
              53.5942734
            ],
            [
              49.2771206,
              53.5942728
            ],
            [
              49.2771233,
              53.5943253
            ],
            [
              49.2770885,
              53.5943259
            ]
          ]
        ]
      },
      "properties": {
        "id": "708a8ff9-1828-4d9d-8ef6-25b318602017",
        "source_type": "ml",
        "height": "",
        "num_floors": "",
        "class": "",
        "name": ""
      }
    },
    {
      "type": "Feature",
      "geometry": {
        "type": "Polygon",
        "coordinates": [
          [
            [
              49.277222,
              53.5945552
            ],
            [
              49.2771838,
              53.5944353
            ],
            [
              49.2772744,
              53.5944251
            ],
            [
              49.2773127,
              53.594545
            ],
            [
              49.277222,
              53.5945552
            ]
          ]
        ]
      },
      "properties": {
        "id": "f35076ee-de9d-49b6-8e20-c73849f000b5",
        "source_type": "ml",
        "height": "",
        "num_floors": "",
        "class": "",
        "name": ""
      }
    },
    {
      "type": "Feature",
      "geometry": {
        "type": "Polygon",
        "coordinates": [
          [
            [
              49.2770873,
              53.5944416
            ],
            [
              49.2771127,
              53.594438
            ],
            [
              49.2771395,
              53.594505
            ],
            [
              49.2771142,
              53.5945086
            ],
            [
              49.2770873,
              53.5944416
            ]
          ]
        ]
      },
      "properties": {
        "id": "5b8b1f26-818d-46dc-880e-cff05ae55405",
        "source_type": "ml",
        "height": "",
        "num_floors": "",
        "class": "",
        "name": ""
      }
    },
    {
      "type": "Feature",
      "geometry": {
        "type": "Polygon",
        "coordinates": [
          [
            [
              49.2770406,
              53.5947111
            ],
            [
              49.2770657,
              53.5947727
            ],
            [
              49.2769085,
              53.5947952
            ],
            [
              49.2768835,
              53.5947335
            ],
            [
              49.2770406,
              53.5947111
            ]
          ]
        ]
      },
      "properties": {
        "id": "8df76f9d-75d4-400c-835e-d545af9628ea",
        "source_type": "ml",
        "height": "",
        "num_floors": "",
        "class": "",
        "name": ""
      }
    },
    {
      "type": "Feature",
      "geometry": {
        "type": "Polygon",
        "coordinates": [
          [
            [
              49.2769538,
              53.5949675
            ],
            [
              49.2769436,
              53.594914
            ],
            [
              49.2770178,
              53.5949091
            ],
            [
              49.2770279,
              53.5949625
            ],
            [
              49.2769538,
              53.5949675
            ]
          ]
        ]
      },
      "properties": {
        "id": "c843738a-9b22-46d9-9f22-615d56f7bd16",
        "source_type": "ml",
        "height": "",
        "num_floors": "",
        "class": "",
        "name": ""
      }
    },
    {
      "type": "Feature",
      "geometry": {
        "type": "Polygon",
        "coordinates": [
          [
            [
              49.2770504,
              53.5948497
            ],
            [
              49.2770867,
              53.5948456
            ],
            [
              49.2770996,
              53.5948865
            ],
            [
              49.2770634,
              53.5948905
            ],
            [
              49.2770504,
              53.5948497
            ]
          ]
        ]
      },
      "properties": {
        "id": "1d1f0c3b-1cab-4199-8f5d-298cc1fb3145",
        "source_type": "ml",
        "height": "",
        "num_floors": "",
        "class": "",
        "name": ""
      }
    },
    {
      "type": "Feature",
      "geometry": {
        "type": "Polygon",
        "coordinates": [
          [
            [
              49.2770994,
              53.594815
            ],
            [
              49.2771015,
              53.5948404
            ],
            [
              49.2770334,
              53.5948425
            ],
            [
              49.2770312,
              53.5948171
            ],
            [
              49.2770994,
              53.594815
            ]
          ]
        ]
      },
      "properties": {
        "id": "55603197-c143-46c1-be12-b8d5e76a8cd1",
        "source_type": "ml",
        "height": "",
        "num_floors": "",
        "class": "",
        "name": ""
      }
    },
    {
      "type": "Feature",
      "geometry": {
        "type": "Polygon",
        "coordinates": [
          [
            [
              49.2770864,
              53.5950741
            ],
            [
              49.2770897,
              53.5951106
            ],
            [
              49.2769813,
              53.595114
            ],
            [
              49.2769751,
              53.5950458
            ],
            [
              49.27705,
              53.5950434
            ],
            [
              49.2770529,
              53.5950752
            ],
            [
              49.2770864,
              53.5950741
            ]
          ]
        ]
      },
      "properties": {
        "id": "75cfd6bc-9516-49e0-a913-a0b56e3151b4",
        "source_type": "ml",
        "height": "",
        "num_floors": "",
        "class": "",
        "name": ""
      }
    },
    {
      "type": "Feature",
      "geometry": {
        "type": "Polygon",
        "coordinates": [
          [
            [
              49.2771353,
              53.5952458
            ],
            [
              49.2771413,
              53.5953141
            ],
            [
              49.277061,
              53.5953165
            ],
            [
              49.2770551,
              53.5952483
            ],
            [
              49.2771353,
              53.5952458
            ]
          ]
        ]
      },
      "properties": {
        "id": "d8c1bb29-6d76-429c-ae47-6f9e71df413a",
        "source_type": "ml",
        "height": "",
        "num_floors": "",
        "class": "",
        "name": ""
      }
    },
    {
      "type": "Feature",
      "geometry": {
        "type": "Polygon",
        "coordinates": [
          [
            [
              49.2770923,
              53.5953432
            ],
            [
              49.2770857,
              53.5953233
            ],
            [
              49.2771863,
              53.5953115
            ],
            [
              49.277193,
              53.5953314
            ],
            [
              49.2770923,
              53.5953432
            ]
          ]
        ]
      },
      "properties": {
        "id": "118af97e-9660-4955-9984-02fbb9a11672",
        "source_type": "ml",
        "height": "",
        "num_floors": "",
        "class": "",
        "name": ""
      }
    },
    {
      "type": "Feature",
      "geometry": {
        "type": "Polygon",
        "coordinates": [
          [
            [
              49.2771058,
              53.5954355
            ],
            [
              49.2771888,
              53.5954332
            ],
            [
              49.2771932,
              53.595492
            ],
            [
              49.2771103,
              53.5954943
            ],
            [
              49.2771058,
              53.5954355
            ]
          ]
        ]
      },
      "properties": {
        "id": "c7f2a02a-445f-43db-b509-c677a001b775",
        "source_type": "ml",
        "height": "",
        "num_floors": "",
        "class": "",
        "name": ""
      }
    },
    {
      "type": "Feature",
      "geometry": {
        "type": "Polygon",
        "coordinates": [
          [
            [
              49.2772032,
              53.5954825
            ],
            [
              49.2772845,
              53.5954753
            ],
            [
              49.2772912,
              53.5955018
            ],
            [
              49.2772099,
              53.595509
            ],
            [
              49.2772032,
              53.5954825
            ]
          ]
        ]
      },
      "properties": {
        "id": "3cc4212a-dead-450f-ac45-a3da33de643d",
        "source_type": "ml",
        "height": "",
        "num_floors": "",
        "class": "",
        "name": ""
      }
    },
    {
      "type": "Feature",
      "geometry": {
        "type": "Polygon",
        "coordinates": [
          [
            [
              49.2771667,
              53.59486
            ],
            [
              49.2771355,
              53.5948633
            ],
            [
              49.2771198,
              53.5948099
            ],
            [
              49.2771511,
              53.5948067
            ],
            [
              49.2771667,
              53.59486
            ]
          ]
        ]
      },
      "properties": {
        "id": "b6443aaa-3677-4e69-802d-dfaeb9fef7de",
        "source_type": "ml",
        "height": "",
        "num_floors": "",
        "class": "",
        "name": ""
      }
    },
    {
      "type": "Feature",
      "geometry": {
        "type": "Polygon",
        "coordinates": [
          [
            [
              49.2772198,
              53.5948015
            ],
            [
              49.2772287,
              53.5948487
            ],
            [
              49.2771837,
              53.5948517
            ],
            [
              49.2771748,
              53.5948045
            ],
            [
              49.2772198,
              53.5948015
            ]
          ]
        ]
      },
      "properties": {
        "id": "75ecd3ad-608c-41c0-bec9-29639d176bb8",
        "source_type": "ml",
        "height": "",
        "num_floors": "",
        "class": "",
        "name": ""
      }
    },
    {
      "type": "Feature",
      "geometry": {
        "type": "Polygon",
        "coordinates": [
          [
            [
              49.2772713,
              53.5949519
            ],
            [
              49.2772744,
              53.5949122
            ],
            [
              49.2773199,
              53.5949135
            ],
            [
              49.2773168,
              53.5949532
            ],
            [
              49.2772713,
              53.5949519
            ]
          ]
        ]
      },
      "properties": {
        "id": "e99d20e5-69cd-4cea-8372-0a25b405a7e7",
        "source_type": "ml",
        "height": "",
        "num_floors": "",
        "class": "",
        "name": ""
      }
    },
    {
      "type": "Feature",
      "geometry": {
        "type": "Polygon",
        "coordinates": [
          [
            [
              49.2773409,
              53.5951226
            ],
            [
              49.2773426,
              53.5950972
            ],
            [
              49.277443,
              53.5950996
            ],
            [
              49.2774412,
              53.595125
            ],
            [
              49.2773409,
              53.5951226
            ]
          ]
        ]
      },
      "properties": {
        "id": "1e494909-21a0-4874-9ecb-96a47c00bed0",
        "source_type": "ml",
        "height": "",
        "num_floors": "",
        "class": "",
        "name": ""
      }
    },
    {
      "type": "Feature",
      "geometry": {
        "type": "Polygon",
        "coordinates": [
          [
            [
              49.2774346,
              53.5949874
            ],
            [
              49.2774413,
              53.5950284
            ],
            [
              49.2773563,
              53.5950333
            ],
            [
              49.2773496,
              53.5949923
            ],
            [
              49.2774346,
              53.5949874
            ]
          ]
        ]
      },
      "properties": {
        "id": "8b9ad0da-63ed-4203-a9a7-b09c79054bb6",
        "source_type": "ml",
        "height": "",
        "num_floors": "",
        "class": "",
        "name": ""
      }
    },
    {
      "type": "Feature",
      "geometry": {
        "type": "Polygon",
        "coordinates": [
          [
            [
              49.2766517,
              53.5954748
            ],
            [
              49.2766442,
              53.5954195
            ],
            [
              49.2766842,
              53.5954176
            ],
            [
              49.2766917,
              53.5954729
            ],
            [
              49.2766517,
              53.5954748
            ]
          ]
        ]
      },
      "properties": {
        "id": "ff6d0a7b-3951-46fe-b629-c2d0d3d79820",
        "source_type": "ml",
        "height": "",
        "num_floors": "",
        "class": "",
        "name": ""
      }
    },
    {
      "type": "Feature",
      "geometry": {
        "type": "Polygon",
        "coordinates": [
          [
            [
              49.2766193,
              53.5952959
            ],
            [
              49.2765902,
              53.595222
            ],
            [
              49.276636,
              53.5952156
            ],
            [
              49.2766651,
              53.5952896
            ],
            [
              49.2766193,
              53.5952959
            ]
          ]
        ]
      },
      "properties": {
        "id": "257718c0-da84-4c21-82f8-8e591677be36",
        "source_type": "ml",
        "height": "",
        "num_floors": "",
        "class": "",
        "name": ""
      }
    },
    {
      "type": "Feature",
      "geometry": {
        "type": "Polygon",
        "coordinates": [
          [
            [
              49.2763755,
              53.595253
            ],
            [
              49.2764615,
              53.5952443
            ],
            [
              49.2764673,
              53.5952644
            ],
            [
              49.2763813,
              53.5952731
            ],
            [
              49.2763755,
              53.595253
            ]
          ]
        ]
      },
      "properties": {
        "id": "fd98ed9a-6eba-4669-bba8-79d389a29fea",
        "source_type": "ml",
        "height": "",
        "num_floors": "",
        "class": "",
        "name": ""
      }
    },
    {
      "type": "Feature",
      "geometry": {
        "type": "Polygon",
        "coordinates": [
          [
            [
              49.2764525,
              53.5951371
            ],
            [
              49.2765056,
              53.5951339
            ],
            [
              49.2765102,
              53.5951607
            ],
            [
              49.2764571,
              53.5951639
            ],
            [
              49.2764525,
              53.5951371
            ]
          ]
        ]
      },
      "properties": {
        "id": "ff908da0-3c43-4a88-a0d9-d2b4baf2e850",
        "source_type": "ml",
        "height": "",
        "num_floors": "",
        "class": "",
        "name": ""
      }
    },
    {
      "type": "Feature",
      "geometry": {
        "type": "Polygon",
        "coordinates": [
          [
            [
              49.2764161,
              53.5947939
            ],
            [
              49.276505,
              53.5947886
            ],
            [
              49.2765125,
              53.5948334
            ],
            [
              49.2764237,
              53.5948387
            ],
            [
              49.2764161,
              53.5947939
            ]
          ]
        ]
      },
      "properties": {
        "id": "f762f1c1-0e72-44ec-bb64-2c9ca592e4de",
        "source_type": "ml",
        "height": "",
        "num_floors": "",
        "class": "",
        "name": ""
      }
    },
    {
      "type": "Feature",
      "geometry": {
        "type": "Polygon",
        "coordinates": [
          [
            [
              49.276708,
              53.5949787
            ],
            [
              49.2767028,
              53.5949552
            ],
            [
              49.2767793,
              53.5949493
            ],
            [
              49.2767845,
              53.5949728
            ],
            [
              49.276708,
              53.5949787
            ]
          ]
        ]
      },
      "properties": {
        "id": "f1b7cef1-6186-4e8f-b92d-0acc5507e78c",
        "source_type": "ml",
        "height": "",
        "num_floors": "",
        "class": "",
        "name": ""
      }
    },
    {
      "type": "Feature",
      "geometry": {
        "type": "Polygon",
        "coordinates": [
          [
            [
              49.2768331,
              53.5955236
            ],
            [
              49.2768288,
              53.5954856
            ],
            [
              49.2768649,
              53.5954842
            ],
            [
              49.2768692,
              53.5955222
            ],
            [
              49.2768331,
              53.5955236
            ]
          ]
        ]
      },
      "properties": {
        "id": "5c8759e5-ade5-4f0f-b208-d158a7c34dad",
        "source_type": "ml",
        "height": "",
        "num_floors": "",
        "class": "",
        "name": ""
      }
    },
    {
      "type": "Feature",
      "geometry": {
        "type": "Polygon",
        "coordinates": [
          [
            [
              49.2769275,
              53.5947043
            ],
            [
              49.2769212,
              53.5946424
            ],
            [
              49.2770002,
              53.5946396
            ],
            [
              49.2770065,
              53.5947015
            ],
            [
              49.2769275,
              53.5947043
            ]
          ]
        ]
      },
      "properties": {
        "id": "c17a4d9b-e4aa-4252-86bb-f1cee6a04fab",
        "source_type": "ml",
        "height": "",
        "num_floors": "",
        "class": "",
        "name": ""
      }
    },
    {
      "type": "Feature",
      "geometry": {
        "type": "Polygon",
        "coordinates": [
          [
            [
              49.2768635,
              53.5946147
            ],
            [
              49.2767974,
              53.59462
            ],
            [
              49.2767917,
              53.5945947
            ],
            [
              49.2767654,
              53.5945968
            ],
            [
              49.2767543,
              53.5945477
            ],
            [
              49.2769221,
              53.5945344
            ],
            [
              49.2769339,
              53.5945866
            ],
            [
              49.2768585,
              53.5945926
            ],
            [
              49.2768635,
              53.5946147
            ]
          ]
        ]
      },
      "properties": {
        "id": "a82ac042-8826-44fd-8908-bd5f93342f08",
        "source_type": "osm",
        "height": "",
        "num_floors": "2",
        "class": "house",
        "name": ""
      }
    },
    {
      "type": "Feature",
      "geometry": {
        "type": "Polygon",
        "coordinates": [
          [
            [
              49.2766651,
              53.5948194
            ],
            [
              49.2766401,
              53.5947758
            ],
            [
              49.2767111,
              53.5947614
            ],
            [
              49.2767361,
              53.594805
            ],
            [
              49.2766651,
              53.5948194
            ]
          ]
        ]
      },
      "properties": {
        "id": "51ce1885-daa4-4c30-9bcc-8f426433b969",
        "source_type": "ml",
        "height": "",
        "num_floors": "",
        "class": "",
        "name": ""
      }
    },
    {
      "type": "Feature",
      "geometry": {
        "type": "Polygon",
        "coordinates": [
          [
            [
              49.2768309,
              53.5944818
            ],
            [
              49.2768502,
              53.5945172
            ],
            [
              49.2767993,
              53.594527
            ],
            [
              49.2767799,
              53.5944917
            ],
            [
              49.2768309,
              53.5944818
            ]
          ]
        ]
      },
      "properties": {
        "id": "c85235f8-3f05-4cdd-a177-427cf848eff0",
        "source_type": "ml",
        "height": "",
        "num_floors": "",
        "class": "",
        "name": ""
      }
    },
    {
      "type": "Feature",
      "geometry": {
        "type": "Polygon",
        "coordinates": [
          [
            [
              49.2768266,
              53.5944189
            ],
            [
              49.2767518,
              53.5944302
            ],
            [
              49.2767212,
              53.5943589
            ],
            [
              49.276796,
              53.5943476
            ],
            [
              49.2768266,
              53.5944189
            ]
          ]
        ]
      },
      "properties": {
        "id": "83fec62f-b796-4e61-8654-845b4d04e2fd",
        "source_type": "osm",
        "height": "",
        "num_floors": "2",
        "class": "house",
        "name": ""
      }
    },
    {
      "type": "Feature",
      "geometry": {
        "type": "Polygon",
        "coordinates": [
          [
            [
              49.276793,
              53.5942288
            ],
            [
              49.2766855,
              53.594237
            ],
            [
              49.2766745,
              53.5941858
            ],
            [
              49.276782,
              53.5941777
            ],
            [
              49.276793,
              53.5942288
            ]
          ]
        ]
      },
      "properties": {
        "id": "6219f04f-4336-417d-be5d-ea345b86be76",
        "source_type": "osm",
        "height": "",
        "num_floors": "2",
        "class": "house",
        "name": ""
      }
    },
    {
      "type": "Feature",
      "geometry": {
        "type": "Polygon",
        "coordinates": [
          [
            [
              49.2769234,
              53.5939087
            ],
            [
              49.2769389,
              53.5939856
            ],
            [
              49.2769018,
              53.5939883
            ],
            [
              49.2768863,
              53.5939114
            ],
            [
              49.2769234,
              53.5939087
            ]
          ]
        ]
      },
      "properties": {
        "id": "efcc9dc3-aeb2-41d5-a520-f59e4430e7d6",
        "source_type": "ml",
        "height": "",
        "num_floors": "",
        "class": "",
        "name": ""
      }
    },
    {
      "type": "Feature",
      "geometry": {
        "type": "Polygon",
        "coordinates": [
          [
            [
              49.2768578,
              53.5939311
            ],
            [
              49.2768679,
              53.5939917
            ],
            [
              49.2768345,
              53.5939936
            ],
            [
              49.2768244,
              53.593933
            ],
            [
              49.2768578,
              53.5939311
            ]
          ]
        ]
      },
      "properties": {
        "id": "14f39e0f-ad0e-4504-b005-50f521fe6ce2",
        "source_type": "ml",
        "height": "",
        "num_floors": "",
        "class": "",
        "name": ""
      }
    },
    {
      "type": "Feature",
      "geometry": {
        "type": "Polygon",
        "coordinates": [
          [
            [
              49.2769831,
              53.5937242
            ],
            [
              49.2769895,
              53.5937924
            ],
            [
              49.2769414,
              53.593794
            ],
            [
              49.2769349,
              53.5937258
            ],
            [
              49.2769831,
              53.5937242
            ]
          ]
        ]
      },
      "properties": {
        "id": "685ba9a4-e548-4369-955d-e93094d78f35",
        "source_type": "ml",
        "height": "",
        "num_floors": "",
        "class": "",
        "name": ""
      }
    },
    {
      "type": "Feature",
      "geometry": {
        "type": "Polygon",
        "coordinates": [
          [
            [
              49.2769385,
              53.5934528
            ],
            [
              49.2769566,
              53.5935063
            ],
            [
              49.2769231,
              53.5935103
            ],
            [
              49.276905,
              53.5934568
            ],
            [
              49.2769385,
              53.5934528
            ]
          ]
        ]
      },
      "properties": {
        "id": "bae5fab0-7718-4c5d-898e-471137c93544",
        "source_type": "ml",
        "height": "",
        "num_floors": "",
        "class": "",
        "name": ""
      }
    },
    {
      "type": "Feature",
      "geometry": {
        "type": "Polygon",
        "coordinates": [
          [
            [
              49.2768841,
              53.5936973
            ],
            [
              49.2767867,
              53.593711
            ],
            [
              49.2767726,
              53.5936758
            ],
            [
              49.27687,
              53.5936621
            ],
            [
              49.2768841,
              53.5936973
            ]
          ]
        ]
      },
      "properties": {
        "id": "1dcd9767-2d09-401e-8885-3e9c7db18c4c",
        "source_type": "osm",
        "height": "",
        "num_floors": "2",
        "class": "house",
        "name": ""
      }
    },
    {
      "type": "Feature",
      "geometry": {
        "type": "Polygon",
        "coordinates": [
          [
            [
              49.2767622,
              53.5934503
            ],
            [
              49.2767565,
              53.5934051
            ],
            [
              49.2767927,
              53.5934035
            ],
            [
              49.2767985,
              53.5934487
            ],
            [
              49.2767622,
              53.5934503
            ]
          ]
        ]
      },
      "properties": {
        "id": "730ccadb-41e5-40c5-92db-b1298da7015f",
        "source_type": "ml",
        "height": "",
        "num_floors": "",
        "class": "",
        "name": ""
      }
    },
    {
      "type": "Feature",
      "geometry": {
        "type": "Polygon",
        "coordinates": [
          [
            [
              49.2768012,
              53.5938831
            ],
            [
              49.276804,
              53.5939028
            ],
            [
              49.276667,
              53.5939097
            ],
            [
              49.2766559,
              53.5938315
            ],
            [
              49.2767465,
              53.593827
            ],
            [
              49.2767548,
              53.5938855
            ],
            [
              49.2768012,
              53.5938831
            ]
          ]
        ]
      },
      "properties": {
        "id": "df207b14-e5e5-40dd-a9bd-e57d9e34d2ce",
        "source_type": "ml",
        "height": "",
        "num_floors": "",
        "class": "",
        "name": ""
      }
    },
    {
      "type": "Feature",
      "geometry": {
        "type": "Polygon",
        "coordinates": [
          [
            [
              49.2767482,
              53.5940487
            ],
            [
              49.276646,
              53.5940583
            ],
            [
              49.276631,
              53.5940024
            ],
            [
              49.2767333,
              53.5939927
            ],
            [
              49.2767482,
              53.5940487
            ]
          ]
        ]
      },
      "properties": {
        "id": "9362ba6c-cf17-4f9b-9404-237156de0963",
        "source_type": "osm",
        "height": "",
        "num_floors": "2",
        "class": "house",
        "name": ""
      }
    },
    {
      "type": "Feature",
      "geometry": {
        "type": "Polygon",
        "coordinates": [
          [
            [
              49.2765768,
              53.5936296
            ],
            [
              49.276499,
              53.5936355
            ],
            [
              49.2764889,
              53.5935885
            ],
            [
              49.2765667,
              53.5935826
            ],
            [
              49.2765768,
              53.5936296
            ]
          ]
        ]
      },
      "properties": {
        "id": "a7d1dca7-4236-4f30-a64f-9c6e81f29a47",
        "source_type": "osm",
        "height": "",
        "num_floors": "2",
        "class": "house",
        "name": ""
      }
    },
    {
      "type": "Feature",
      "geometry": {
        "type": "Polygon",
        "coordinates": [
          [
            [
              49.2765178,
              53.5935328
            ],
            [
              49.2764398,
              53.5935359
            ],
            [
              49.2764344,
              53.5934883
            ],
            [
              49.2765124,
              53.5934852
            ],
            [
              49.2765178,
              53.5935328
            ]
          ]
        ]
      },
      "properties": {
        "id": "f71b876d-bcee-46e0-8bbe-87f0bbf9861b",
        "source_type": "osm",
        "height": "",
        "num_floors": "2",
        "class": "house",
        "name": ""
      }
    },
    {
      "type": "Feature",
      "geometry": {
        "type": "Polygon",
        "coordinates": [
          [
            [
              49.2765468,
              53.5944332
            ],
            [
              49.2764453,
              53.5944413
            ],
            [
              49.2764325,
              53.5943844
            ],
            [
              49.276534,
              53.5943763
            ],
            [
              49.2765468,
              53.5944332
            ]
          ]
        ]
      },
      "properties": {
        "id": "a0062891-cde4-471e-af9c-cef32dcd01c4",
        "source_type": "osm",
        "height": "",
        "num_floors": "2",
        "class": "house",
        "name": ""
      }
    },
    {
      "type": "Feature",
      "geometry": {
        "type": "Polygon",
        "coordinates": [
          [
            [
              49.2766136,
              53.5946098
            ],
            [
              49.2764906,
              53.5946237
            ],
            [
              49.2764702,
              53.5945602
            ],
            [
              49.2765932,
              53.5945463
            ],
            [
              49.2766136,
              53.5946098
            ]
          ]
        ]
      },
      "properties": {
        "id": "636e4a8a-6b28-43cb-a889-bb9663aecddc",
        "source_type": "osm",
        "height": "",
        "num_floors": "2",
        "class": "house",
        "name": ""
      }
    },
    {
      "type": "Feature",
      "geometry": {
        "type": "Polygon",
        "coordinates": [
          [
            [
              49.2764368,
              53.5946498
            ],
            [
              49.2764396,
              53.5946784
            ],
            [
              49.2763674,
              53.5946809
            ],
            [
              49.2763601,
              53.5946063
            ],
            [
              49.2764056,
              53.5946047
            ],
            [
              49.2764101,
              53.5946507
            ],
            [
              49.2764368,
              53.5946498
            ]
          ]
        ]
      },
      "properties": {
        "id": "61f0f370-26fa-4a75-b6f7-23081a28dff0",
        "source_type": "ml",
        "height": "",
        "num_floors": "",
        "class": "",
        "name": ""
      }
    },
    {
      "type": "Feature",
      "geometry": {
        "type": "Polygon",
        "coordinates": [
          [
            [
              49.2763097,
              53.5946118
            ],
            [
              49.2763425,
              53.5946092
            ],
            [
              49.2763528,
              53.5946545
            ],
            [
              49.27632,
              53.5946572
            ],
            [
              49.2763097,
              53.5946118
            ]
          ]
        ]
      },
      "properties": {
        "id": "1a1516c7-ee16-4409-b058-87ae0717acb2",
        "source_type": "ml",
        "height": "",
        "num_floors": "",
        "class": "",
        "name": ""
      }
    },
    {
      "type": "Feature",
      "geometry": {
        "type": "Polygon",
        "coordinates": [
          [
            [
              49.2763389,
              53.5946043
            ],
            [
              49.2763268,
              53.5945742
            ],
            [
              49.2763813,
              53.5945665
            ],
            [
              49.2763934,
              53.5945967
            ],
            [
              49.2763389,
              53.5946043
            ]
          ]
        ]
      },
      "properties": {
        "id": "4e9ddf6b-3763-44bb-9df9-06302a2cb15b",
        "source_type": "ml",
        "height": "",
        "num_floors": "",
        "class": "",
        "name": ""
      }
    },
    {
      "type": "Feature",
      "geometry": {
        "type": "Polygon",
        "coordinates": [
          [
            [
              49.2762089,
              53.594551
            ],
            [
              49.2762117,
              53.5946012
            ],
            [
              49.2761595,
              53.5946022
            ],
            [
              49.2761568,
              53.594552
            ],
            [
              49.2762089,
              53.594551
            ]
          ]
        ]
      },
      "properties": {
        "id": "8b4b0af8-7051-4b79-9107-274642c74d1c",
        "source_type": "ml",
        "height": "",
        "num_floors": "",
        "class": "",
        "name": ""
      }
    },
    {
      "type": "Feature",
      "geometry": {
        "type": "Polygon",
        "coordinates": [
          [
            [
              49.2762708,
              53.5940737
            ],
            [
              49.2762757,
              53.5941452
            ],
            [
              49.276206,
              53.5941469
            ],
            [
              49.2762011,
              53.5940754
            ],
            [
              49.2762708,
              53.5940737
            ]
          ]
        ]
      },
      "properties": {
        "id": "ad7e4e7c-aba8-4fcc-b1c4-6c7d725af379",
        "source_type": "ml",
        "height": "",
        "num_floors": "",
        "class": "",
        "name": ""
      }
    },
    {
      "type": "Feature",
      "geometry": {
        "type": "Polygon",
        "coordinates": [
          [
            [
              49.2762516,
              53.5942771
            ],
            [
              49.2762577,
              53.5942065
            ],
            [
              49.2763674,
              53.5942099
            ],
            [
              49.2763613,
              53.5942804
            ],
            [
              49.2762516,
              53.5942771
            ]
          ]
        ]
      },
      "properties": {
        "id": "1ffa2eb9-d77e-4a85-92bf-c8a894ea0648",
        "source_type": "ml",
        "height": "",
        "num_floors": "",
        "class": "",
        "name": ""
      }
    },
    {
      "type": "Feature",
      "geometry": {
        "type": "Polygon",
        "coordinates": [
          [
            [
              49.2764615,
              53.5940974
            ],
            [
              49.2763278,
              53.5941071
            ],
            [
              49.2763127,
              53.5940341
            ],
            [
              49.2764465,
              53.5940244
            ],
            [
              49.2764615,
              53.5940974
            ]
          ]
        ]
      },
      "properties": {
        "id": "15d565b9-19ef-4a95-a56c-6f8bcbafded3",
        "source_type": "osm",
        "height": "",
        "num_floors": "",
        "class": "house",
        "name": ""
      }
    },
    {
      "type": "Feature",
      "geometry": {
        "type": "Polygon",
        "coordinates": [
          [
            [
              49.2764039,
              53.5939069
            ],
            [
              49.2762855,
              53.5939198
            ],
            [
              49.2762666,
              53.5938585
            ],
            [
              49.2763973,
              53.5938443
            ],
            [
              49.276411,
              53.5938886
            ],
            [
              49.2764444,
              53.593885
            ],
            [
              49.2764535,
              53.5939146
            ],
            [
              49.2764078,
              53.5939196
            ],
            [
              49.2764039,
              53.5939069
            ]
          ]
        ]
      },
      "properties": {
        "id": "68a34b89-a563-471a-a74e-09e8a4a3b333",
        "source_type": "osm",
        "height": "",
        "num_floors": "2",
        "class": "house",
        "name": ""
      }
    },
    {
      "type": "Feature",
      "geometry": {
        "type": "Polygon",
        "coordinates": [
          [
            [
              49.2763573,
              53.5937312
            ],
            [
              49.2762691,
              53.5937375
            ],
            [
              49.2762597,
              53.5936905
            ],
            [
              49.2763479,
              53.5936843
            ],
            [
              49.2763573,
              53.5937312
            ]
          ]
        ]
      },
      "properties": {
        "id": "95e3eed4-df9e-46e1-acfe-f56ad515dc9f",
        "source_type": "osm",
        "height": "",
        "num_floors": "2",
        "class": "house",
        "name": ""
      }
    },
    {
      "type": "Feature",
      "geometry": {
        "type": "Polygon",
        "coordinates": [
          [
            [
              49.2761436,
              53.593705
            ],
            [
              49.2761447,
              53.5936509
            ],
            [
              49.2761768,
              53.5936511
            ],
            [
              49.2761758,
              53.5937052
            ],
            [
              49.2761436,
              53.593705
            ]
          ]
        ]
      },
      "properties": {
        "id": "3cf70736-e2ec-412f-aaec-5f768e464553",
        "source_type": "ml",
        "height": "",
        "num_floors": "",
        "class": "",
        "name": ""
      }
    },
    {
      "type": "Feature",
      "geometry": {
        "type": "Polygon",
        "coordinates": [
          [
            [
              49.2761737,
              53.5938026
            ],
            [
              49.2761797,
              53.5938628
            ],
            [
              49.2761278,
              53.5938646
            ],
            [
              49.2761218,
              53.5938044
            ],
            [
              49.2761737,
              53.5938026
            ]
          ]
        ]
      },
      "properties": {
        "id": "31c69e86-1ae5-4f69-ac60-46f95096c5a5",
        "source_type": "ml",
        "height": "",
        "num_floors": "",
        "class": "",
        "name": ""
      }
    },
    {
      "type": "Feature",
      "geometry": {
        "type": "Polygon",
        "coordinates": [
          [
            [
              49.2761147,
              53.5937539
            ],
            [
              49.2761736,
              53.5937523
            ],
            [
              49.2761766,
              53.5937937
            ],
            [
              49.2761177,
              53.5937952
            ],
            [
              49.2761147,
              53.5937539
            ]
          ]
        ]
      },
      "properties": {
        "id": "db72e7d5-24a4-4fe3-9893-1751226bcc0b",
        "source_type": "ml",
        "height": "",
        "num_floors": "",
        "class": "",
        "name": ""
      }
    },
    {
      "type": "Feature",
      "geometry": {
        "type": "Polygon",
        "coordinates": [
          [
            [
              49.2761089,
              53.5937163
            ],
            [
              49.276173,
              53.5937139
            ],
            [
              49.2761767,
              53.5937488
            ],
            [
              49.2761126,
              53.5937512
            ],
            [
              49.2761089,
              53.5937163
            ]
          ]
        ]
      },
      "properties": {
        "id": "3c45c7a4-ff4e-4ed8-b200-51ff9fae43cb",
        "source_type": "ml",
        "height": "",
        "num_floors": "",
        "class": "",
        "name": ""
      }
    },
    {
      "type": "Feature",
      "geometry": {
        "type": "Polygon",
        "coordinates": [
          [
            [
              49.2762267,
              53.5939204
            ],
            [
              49.2762295,
              53.5939729
            ],
            [
              49.2761545,
              53.5939743
            ],
            [
              49.276149,
              53.5938725
            ],
            [
              49.2761785,
              53.593872
            ],
            [
              49.2761811,
              53.5939213
            ],
            [
              49.2762267,
              53.5939204
            ]
          ]
        ]
      },
      "properties": {
        "id": "0a27454f-110f-48df-a4cf-aee7e21e501b",
        "source_type": "ml",
        "height": "",
        "num_floors": "",
        "class": "",
        "name": ""
      }
    },
    {
      "type": "Feature",
      "geometry": {
        "type": "Polygon",
        "coordinates": [
          [
            [
              49.2762302,
              53.5940069
            ],
            [
              49.2762391,
              53.5940573
            ],
            [
              49.2761876,
              53.5940605
            ],
            [
              49.2761787,
              53.5940101
            ],
            [
              49.2762302,
              53.5940069
            ]
          ]
        ]
      },
      "properties": {
        "id": "62b89f10-cd05-4219-bf8b-ece4a9c42797",
        "source_type": "ml",
        "height": "",
        "num_floors": "",
        "class": "",
        "name": ""
      }
    },
    {
      "type": "Feature",
      "geometry": {
        "type": "Polygon",
        "coordinates": [
          [
            [
              49.2760211,
              53.5939983
            ],
            [
              49.2760354,
              53.5940461
            ],
            [
              49.2759924,
              53.5940507
            ],
            [
              49.275978,
              53.5940029
            ],
            [
              49.2760211,
              53.5939983
            ]
          ]
        ]
      },
      "properties": {
        "id": "89bd4020-129b-47b9-80f8-7bd585455686",
        "source_type": "ml",
        "height": "",
        "num_floors": "",
        "class": "",
        "name": ""
      }
    },
    {
      "type": "Feature",
      "geometry": {
        "type": "Polygon",
        "coordinates": [
          [
            [
              49.2759811,
              53.593865
            ],
            [
              49.2759776,
              53.5938436
            ],
            [
              49.2760642,
              53.5938386
            ],
            [
              49.2760677,
              53.59386
            ],
            [
              49.2759811,
              53.593865
            ]
          ]
        ]
      },
      "properties": {
        "id": "a03cff20-fcce-4d92-848b-e4dee31ce103",
        "source_type": "ml",
        "height": "",
        "num_floors": "",
        "class": "",
        "name": ""
      }
    },
    {
      "type": "Feature",
      "geometry": {
        "type": "Polygon",
        "coordinates": [
          [
            [
              49.2759316,
              53.5933768
            ],
            [
              49.2759385,
              53.5934136
            ],
            [
              49.2758431,
              53.5934199
            ],
            [
              49.2758362,
              53.5933831
            ],
            [
              49.2759316,
              53.5933768
            ]
          ]
        ]
      },
      "properties": {
        "id": "408d1845-e32e-40ec-a53d-55bd27da7fd7",
        "source_type": "ml",
        "height": "",
        "num_floors": "",
        "class": "",
        "name": ""
      }
    },
    {
      "type": "Feature",
      "geometry": {
        "type": "Polygon",
        "coordinates": [
          [
            [
              49.2757235,
              53.5936272
            ],
            [
              49.2757108,
              53.5935644
            ],
            [
              49.2759753,
              53.5935457
            ],
            [
              49.2759838,
              53.5935881
            ],
            [
              49.2760182,
              53.5935856
            ],
            [
              49.2760223,
              53.593606
            ],
            [
              49.2757235,
              53.5936272
            ]
          ]
        ]
      },
      "properties": {
        "id": "09ef1017-487d-4d3a-afeb-619900385a58",
        "source_type": "ml",
        "height": "",
        "num_floors": "",
        "class": "",
        "name": ""
      }
    },
    {
      "type": "Feature",
      "geometry": {
        "type": "Polygon",
        "coordinates": [
          [
            [
              49.2759772,
              53.5939169
            ],
            [
              49.275988,
              53.5939424
            ],
            [
              49.27593,
              53.5939511
            ],
            [
              49.2759192,
              53.5939256
            ],
            [
              49.2759772,
              53.5939169
            ]
          ]
        ]
      },
      "properties": {
        "id": "ada56add-edd1-47ab-a8f3-ad4e796a3741",
        "source_type": "ml",
        "height": "",
        "num_floors": "",
        "class": "",
        "name": ""
      }
    },
    {
      "type": "Feature",
      "geometry": {
        "type": "Polygon",
        "coordinates": [
          [
            [
              49.2758232,
              53.5939875
            ],
            [
              49.2758143,
              53.5939404
            ],
            [
              49.2759135,
              53.5939338
            ],
            [
              49.2759223,
              53.593981
            ],
            [
              49.2758232,
              53.5939875
            ]
          ]
        ]
      },
      "properties": {
        "id": "d73404a8-85b3-486f-92d3-b791fc9414f7",
        "source_type": "ml",
        "height": "",
        "num_floors": "",
        "class": "",
        "name": ""
      }
    },
    {
      "type": "Feature",
      "geometry": {
        "type": "Polygon",
        "coordinates": [
          [
            [
              49.2760485,
              53.5941063
            ],
            [
              49.2760787,
              53.5941041
            ],
            [
              49.2760895,
              53.5941575
            ],
            [
              49.2760593,
              53.5941596
            ],
            [
              49.2760485,
              53.5941063
            ]
          ]
        ]
      },
      "properties": {
        "id": "e5a7a112-10e6-4aab-87ae-f3a31f2eec25",
        "source_type": "ml",
        "height": "",
        "num_floors": "",
        "class": "",
        "name": ""
      }
    },
    {
      "type": "Feature",
      "geometry": {
        "type": "Polygon",
        "coordinates": [
          [
            [
              49.2760735,
              53.5942458
            ],
            [
              49.2760645,
              53.5941874
            ],
            [
              49.2761006,
              53.5941854
            ],
            [
              49.2761095,
              53.5942438
            ],
            [
              49.2760735,
              53.5942458
            ]
          ]
        ]
      },
      "properties": {
        "id": "fd2da49b-be02-46ab-b157-642bc54e8b46",
        "source_type": "ml",
        "height": "",
        "num_floors": "",
        "class": "",
        "name": ""
      }
    },
    {
      "type": "Feature",
      "geometry": {
        "type": "Polygon",
        "coordinates": [
          [
            [
              49.2760206,
              53.5944635
            ],
            [
              49.2760145,
              53.5944304
            ],
            [
              49.2760675,
              53.594427
            ],
            [
              49.2760736,
              53.59446
            ],
            [
              49.2760206,
              53.5944635
            ]
          ]
        ]
      },
      "properties": {
        "id": "d8bd753d-2b83-408c-bfb9-701b2be626d0",
        "source_type": "ml",
        "height": "",
        "num_floors": "",
        "class": "",
        "name": ""
      }
    },
    {
      "type": "Feature",
      "geometry": {
        "type": "Polygon",
        "coordinates": [
          [
            [
              49.2759288,
              53.5943717
            ],
            [
              49.275912,
              53.5943312
            ],
            [
              49.2760384,
              53.5943127
            ],
            [
              49.2760552,
              53.5943532
            ],
            [
              49.2759288,
              53.5943717
            ]
          ]
        ]
      },
      "properties": {
        "id": "c56e3fd2-f3f2-44bb-abef-4d8bed1b9257",
        "source_type": "ml",
        "height": "",
        "num_floors": "",
        "class": "",
        "name": ""
      }
    },
    {
      "type": "Feature",
      "geometry": {
        "type": "Polygon",
        "coordinates": [
          [
            [
              49.2759672,
              53.5945154
            ],
            [
              49.2759643,
              53.5944687
            ],
            [
              49.2760741,
              53.5944663
            ],
            [
              49.276077,
              53.594513
            ],
            [
              49.2759672,
              53.5945154
            ]
          ]
        ]
      },
      "properties": {
        "id": "15169ae3-2f6a-4299-8369-bc7bf24b0744",
        "source_type": "ml",
        "height": "",
        "num_floors": "",
        "class": "",
        "name": ""
      }
    },
    {
      "type": "Feature",
      "geometry": {
        "type": "Polygon",
        "coordinates": [
          [
            [
              49.2759915,
              53.5946539
            ],
            [
              49.2759855,
              53.5946193
            ],
            [
              49.2760903,
              53.594613
            ],
            [
              49.2760962,
              53.5946476
            ],
            [
              49.2759915,
              53.5946539
            ]
          ]
        ]
      },
      "properties": {
        "id": "ba334159-6a89-4e87-b35b-9ba1824f5439",
        "source_type": "ml",
        "height": "",
        "num_floors": "",
        "class": "",
        "name": ""
      }
    },
    {
      "type": "Feature",
      "geometry": {
        "type": "Polygon",
        "coordinates": [
          [
            [
              49.2761025,
              53.5946497
            ],
            [
              49.2761079,
              53.5946948
            ],
            [
              49.2760251,
              53.5946982
            ],
            [
              49.2760198,
              53.5946532
            ],
            [
              49.2761025,
              53.5946497
            ]
          ]
        ]
      },
      "properties": {
        "id": "60621ff0-c0d6-48f4-bc81-28b89116535e",
        "source_type": "ml",
        "height": "",
        "num_floors": "",
        "class": "",
        "name": ""
      }
    },
    {
      "type": "Feature",
      "geometry": {
        "type": "Polygon",
        "coordinates": [
          [
            [
              49.2760068,
              53.5947771
            ],
            [
              49.2760044,
              53.5947309
            ],
            [
              49.276086,
              53.5947294
            ],
            [
              49.2760884,
              53.5947756
            ],
            [
              49.2760068,
              53.5947771
            ]
          ]
        ]
      },
      "properties": {
        "id": "82c25d3c-08ef-44de-bb39-c953d1961720",
        "source_type": "ml",
        "height": "",
        "num_floors": "",
        "class": "",
        "name": ""
      }
    },
    {
      "type": "Feature",
      "geometry": {
        "type": "Polygon",
        "coordinates": [
          [
            [
              49.2758917,
              53.5953099
            ],
            [
              49.2758943,
              53.5953273
            ],
            [
              49.2757719,
              53.5953336
            ],
            [
              49.2757693,
              53.5953162
            ],
            [
              49.2758917,
              53.5953099
            ]
          ]
        ]
      },
      "properties": {
        "id": "e0568a7e-3de0-41de-926e-e97aa9ab9c6a",
        "source_type": "ml",
        "height": "",
        "num_floors": "",
        "class": "",
        "name": ""
      }
    },
    {
      "type": "Feature",
      "geometry": {
        "type": "Polygon",
        "coordinates": [
          [
            [
              49.2758687,
              53.5954898
            ],
            [
              49.2758813,
              53.5954456
            ],
            [
              49.2759399,
              53.5954515
            ],
            [
              49.2759273,
              53.5954957
            ],
            [
              49.2758687,
              53.5954898
            ]
          ]
        ]
      },
      "properties": {
        "id": "8dd4fe81-faf0-435f-b819-7be79ff4d0d2",
        "source_type": "ml",
        "height": "",
        "num_floors": "",
        "class": "",
        "name": ""
      }
    },
    {
      "type": "Feature",
      "geometry": {
        "type": "Polygon",
        "coordinates": [
          [
            [
              49.2759759,
              53.595436
            ],
            [
              49.2759672,
              53.5953878
            ],
            [
              49.2760455,
              53.5953829
            ],
            [
              49.2760541,
              53.595431
            ],
            [
              49.2759759,
              53.595436
            ]
          ]
        ]
      },
      "properties": {
        "id": "72aa0458-8bb8-4446-a1aa-be6746aae6b0",
        "source_type": "ml",
        "height": "",
        "num_floors": "",
        "class": "",
        "name": ""
      }
    },
    {
      "type": "Feature",
      "geometry": {
        "type": "Polygon",
        "coordinates": [
          [
            [
              49.276062,
              53.5948843
            ],
            [
              49.2760597,
              53.5948493
            ],
            [
              49.2761561,
              53.594847
            ],
            [
              49.2761584,
              53.594882
            ],
            [
              49.276062,
              53.5948843
            ]
          ]
        ]
      },
      "properties": {
        "id": "ead816e9-a48c-4ab0-91d6-87a6ac63272d",
        "source_type": "ml",
        "height": "",
        "num_floors": "",
        "class": "",
        "name": ""
      }
    },
    {
      "type": "Feature",
      "geometry": {
        "type": "Polygon",
        "coordinates": [
          [
            [
              49.2760835,
              53.5949571
            ],
            [
              49.2760646,
              53.5948915
            ],
            [
              49.2761649,
              53.5948814
            ],
            [
              49.2761596,
              53.5948628
            ],
            [
              49.2762403,
              53.5948546
            ],
            [
              49.2762497,
              53.5948871
            ],
            [
              49.2761194,
              53.5949003
            ],
            [
              49.2761342,
              53.594952
            ],
            [
              49.2760835,
              53.5949571
            ]
          ]
        ]
      },
      "properties": {
        "id": "45fb30e1-f21d-4716-9f88-32911f69c965",
        "source_type": "ml",
        "height": "",
        "num_floors": "",
        "class": "",
        "name": ""
      }
    },
    {
      "type": "Feature",
      "geometry": {
        "type": "Polygon",
        "coordinates": [
          [
            [
              49.2761773,
              53.59503
            ],
            [
              49.276286,
              53.595023
            ],
            [
              49.2762936,
              53.5950645
            ],
            [
              49.2761849,
              53.5950715
            ],
            [
              49.2761773,
              53.59503
            ]
          ]
        ]
      },
      "properties": {
        "id": "97834cac-dd33-4e89-b035-5d4073d0b8c0",
        "source_type": "ml",
        "height": "",
        "num_floors": "",
        "class": "",
        "name": ""
      }
    },
    {
      "type": "Feature",
      "geometry": {
        "type": "Polygon",
        "coordinates": [
          [
            [
              49.2762661,
              53.5953266
            ],
            [
              49.2762924,
              53.5954079
            ],
            [
              49.2762161,
              53.5954166
            ],
            [
              49.2761897,
              53.5953353
            ],
            [
              49.2762661,
              53.5953266
            ]
          ]
        ]
      },
      "properties": {
        "id": "42b302b0-0fba-46b1-8808-d475c3c2c0bf",
        "source_type": "ml",
        "height": "",
        "num_floors": "",
        "class": "",
        "name": ""
      }
    },
    {
      "type": "Feature",
      "geometry": {
        "type": "Polygon",
        "coordinates": [
          [
            [
              49.2761563,
              53.5951805
            ],
            [
              49.2762635,
              53.5951735
            ],
            [
              49.2762775,
              53.595249
            ],
            [
              49.2761437,
              53.5952577
            ],
            [
              49.276137,
              53.5952216
            ],
            [
              49.2761635,
              53.5952198
            ],
            [
              49.2761563,
              53.5951805
            ]
          ]
        ]
      },
      "properties": {
        "id": "d1362def-f0a8-41e8-bba7-267ca0a8e3b7",
        "source_type": "ml",
        "height": "",
        "num_floors": "",
        "class": "",
        "name": ""
      }
    }
  ]
}